Indicator,2018,ADM3_PCODE
Number of Evacuation Centers,3,PH012801000
Number of Evacuation Centers,3,PH012802000
Number of Evacuation Centers,1,PH012803000
Number of Evacuation Centers,0,PH012804000
Number of Evacuation Centers,78,PH012805000
Number of Evacuation Centers,1,PH012806000
Number of Evacuation Centers,3,PH012807000
Number of Evacuation Centers,8,PH012808000
Number of Evacuation Centers,1,PH012809000
Number of Evacuation Centers,7,PH012810000
Number of Evacuation Centers,1,PH012811000
Number of Evacuation Centers,11,PH012812000
Number of Evacuation Centers,2,PH012813000
Number of Evacuation Centers,2,PH012814000
Number of Evacuation Centers,13,PH012815000
Number of Evacuation Centers,1,PH012816000
Number of Evacuation Centers,36,PH012817000
Number of Evacuation Centers,45,PH012818000
Number of Evacuation Centers,3,PH012819000
Number of Evacuation Centers,37,PH012820000
Number of Evacuation Centers,5,PH012821000
Number of Evacuation Centers,7,PH012822000
Number of Evacuation Centers,5,PH012823000
Number of Evacuation Centers,3,PH012901000
Number of Evacuation Centers,8,PH012902000
Number of Evacuation Centers,5,PH012903000
Number of Evacuation Centers,5,PH012904000
Number of Evacuation Centers,3,PH012905000
Number of Evacuation Centers,5,PH012906000
Number of Evacuation Centers,5,PH012907000
Number of Evacuation Centers,6,PH012908000
Number of Evacuation Centers,6,PH012909000
Number of Evacuation Centers,22,PH012910000
Number of Evacuation Centers,6,PH012911000
Number of Evacuation Centers,1,PH012912000
Number of Evacuation Centers,3,PH012913000
Number of Evacuation Centers,2,PH012914000
Number of Evacuation Centers,42,PH012915000
Number of Evacuation Centers,1,PH012916000
Number of Evacuation Centers,11,PH012917000
Number of Evacuation Centers,6,PH012918000
Number of Evacuation Centers,4,PH012919000
Number of Evacuation Centers,31,PH012920000
Number of Evacuation Centers,6,PH012921000
Number of Evacuation Centers,4,PH012922000
Number of Evacuation Centers,4,PH012923000
Number of Evacuation Centers,5,PH012924000
Number of Evacuation Centers,1,PH012925000
Number of Evacuation Centers,37,PH012926000
Number of Evacuation Centers,11,PH012927000
Number of Evacuation Centers,2,PH012928000
Number of Evacuation Centers,1,PH012929000
Number of Evacuation Centers,5,PH012930000
Number of Evacuation Centers,9,PH012931000
Number of Evacuation Centers,1,PH012932000
Number of Evacuation Centers,13,PH012933000
Number of Evacuation Centers,20,PH012934000
Number of Evacuation Centers,5,PH013301000
Number of Evacuation Centers,1,PH013302000
Number of Evacuation Centers,18,PH013303000
Number of Evacuation Centers,2,PH013304000
Number of Evacuation Centers,1,PH013305000
Number of Evacuation Centers,1,PH013306000
Number of Evacuation Centers,24,PH013307000
Number of Evacuation Centers,2,PH013308000
Number of Evacuation Centers,2,PH013309000
Number of Evacuation Centers,6,PH013310000
Number of Evacuation Centers,1,PH013311000
Number of Evacuation Centers,45,PH013312000
Number of Evacuation Centers,34,PH013313000
Number of Evacuation Centers,1,PH013314000
Number of Evacuation Centers,31,PH013315000
Number of Evacuation Centers,8,PH013316000
Number of Evacuation Centers,9,PH013317000
Number of Evacuation Centers,12,PH013318000
Number of Evacuation Centers,9,PH013319000
Number of Evacuation Centers,4,PH013320000
Number of Evacuation Centers,23,PH015501000
Number of Evacuation Centers,3,PH015502000
Number of Evacuation Centers,49,PH015503000
Number of Evacuation Centers,4,PH015504000
Number of Evacuation Centers,1,PH015505000
Number of Evacuation Centers,5,PH015506000
Number of Evacuation Centers,2,PH015507000
Number of Evacuation Centers,8,PH015508000
Number of Evacuation Centers,2,PH015509000
Number of Evacuation Centers,17,PH015510000
Number of Evacuation Centers,13,PH015511000
Number of Evacuation Centers,2,PH015512000
Number of Evacuation Centers,3,PH015513000
Number of Evacuation Centers,6,PH015514000
Number of Evacuation Centers,4,PH015515000
Number of Evacuation Centers,16,PH015516000
Number of Evacuation Centers,11,PH015517000
Number of Evacuation Centers,21,PH015518000
Number of Evacuation Centers,18,PH015519000
Number of Evacuation Centers,4,PH015520000
Number of Evacuation Centers,10,PH015521000
Number of Evacuation Centers,3,PH015522000
Number of Evacuation Centers,1,PH015523000
Number of Evacuation Centers,2,PH015524000
Number of Evacuation Centers,5,PH015525000
Number of Evacuation Centers,4,PH015526000
Number of Evacuation Centers,7,PH015527000
Number of Evacuation Centers,3,PH015528000
Number of Evacuation Centers,5,PH015529000
Number of Evacuation Centers,4,PH015530000
Number of Evacuation Centers,1,PH015531000
Number of Evacuation Centers,4,PH015532000
Number of Evacuation Centers,3,PH015533000
Number of Evacuation Centers,4,PH015534000
Number of Evacuation Centers,15,PH015535000
Number of Evacuation Centers,1,PH015536000
Number of Evacuation Centers,1,PH015537000
Number of Evacuation Centers,11,PH015538000
Number of Evacuation Centers,1,PH015539000
Number of Evacuation Centers,2,PH015540000
Number of Evacuation Centers,30,PH015541000
Number of Evacuation Centers,19,PH015542000
Number of Evacuation Centers,13,PH015543000
Number of Evacuation Centers,1,PH015544000
Number of Evacuation Centers,7,PH015545000
Number of Evacuation Centers,1,PH015546000
Number of Evacuation Centers,9,PH015547000
Number of Evacuation Centers,8,PH015548000
Number of Evacuation Centers,1,PH020901000
Number of Evacuation Centers,5,PH020902000
Number of Evacuation Centers,1,PH020903000
Number of Evacuation Centers,5,PH020904000
Number of Evacuation Centers,6,PH020905000
Number of Evacuation Centers,8,PH020906000
Number of Evacuation Centers,1,PH021501000
Number of Evacuation Centers,1,PH021502000
Number of Evacuation Centers,1,PH021503000
Number of Evacuation Centers,5,PH021504000
Number of Evacuation Centers,1,PH021505000
Number of Evacuation Centers,2,PH021506000
Number of Evacuation Centers,6,PH021507000
Number of Evacuation Centers,2,PH021508000
Number of Evacuation Centers,13,PH021509000
Number of Evacuation Centers,12,PH021510000
Number of Evacuation Centers,1,PH021511000
Number of Evacuation Centers,27,PH021512000
Number of Evacuation Centers,1,PH021513000
Number of Evacuation Centers,1,PH021514000
Number of Evacuation Centers,6,PH021515000
Number of Evacuation Centers,5,PH021516000
Number of Evacuation Centers,2,PH021517000
Number of Evacuation Centers,1,PH021518000
Number of Evacuation Centers,44,PH021519000
Number of Evacuation Centers,1,PH021520000
Number of Evacuation Centers,8,PH021521000
Number of Evacuation Centers,9,PH021522000
Number of Evacuation Centers,16,PH021523000
Number of Evacuation Centers,22,PH021524000
Number of Evacuation Centers,1,PH021525000
Number of Evacuation Centers,1,PH021526000
Number of Evacuation Centers,8,PH021527000
Number of Evacuation Centers,4,PH021528000
Number of Evacuation Centers,1,PH021529000
Number of Evacuation Centers,20,PH023101000
Number of Evacuation Centers,63,PH023102000
Number of Evacuation Centers,3,PH023103000
Number of Evacuation Centers,1,PH023104000
Number of Evacuation Centers,17,PH023105000
Number of Evacuation Centers,12,PH023106000
Number of Evacuation Centers,6,PH023107000
Number of Evacuation Centers,5,PH023108000
Number of Evacuation Centers,22,PH023109000
Number of Evacuation Centers,5,PH023110000
Number of Evacuation Centers,3,PH023111000
Number of Evacuation Centers,64,PH023112000
Number of Evacuation Centers,3,PH023113000
Number of Evacuation Centers,15,PH023114000
Number of Evacuation Centers,0,PH023115000
Number of Evacuation Centers,20,PH023116000
Number of Evacuation Centers,3,PH023117000
Number of Evacuation Centers,20,PH023118000
Number of Evacuation Centers,6,PH023119000
Number of Evacuation Centers,3,PH023120000
Number of Evacuation Centers,11,PH023121000
Number of Evacuation Centers,2,PH023122000
Number of Evacuation Centers,1,PH023123000
Number of Evacuation Centers,0,PH023124000
Number of Evacuation Centers,18,PH023125000
Number of Evacuation Centers,20,PH023126000
Number of Evacuation Centers,24,PH023127000
Number of Evacuation Centers,8,PH023128000
Number of Evacuation Centers,14,PH023129000
Number of Evacuation Centers,1,PH023130000
Number of Evacuation Centers,2,PH023131000
Number of Evacuation Centers,16,PH023132000
Number of Evacuation Centers,5,PH023133000
Number of Evacuation Centers,14,PH023134000
Number of Evacuation Centers,32,PH023135000
Number of Evacuation Centers,2,PH023136000
Number of Evacuation Centers,7,PH023137000
Number of Evacuation Centers,11,PH025001000
Number of Evacuation Centers,64,PH025002000
Number of Evacuation Centers,1,PH025003000
Number of Evacuation Centers,4,PH025004000
Number of Evacuation Centers,1,PH025005000
Number of Evacuation Centers,1,PH025006000
Number of Evacuation Centers,36,PH025007000
Number of Evacuation Centers,5,PH025008000
Number of Evacuation Centers,61,PH025009000
Number of Evacuation Centers,2,PH025010000
Number of Evacuation Centers,1,PH025011000
Number of Evacuation Centers,6,PH025012000
Number of Evacuation Centers,13,PH025013000
Number of Evacuation Centers,23,PH025014000
Number of Evacuation Centers,2,PH025015000
Number of Evacuation Centers,0,PH025701000
Number of Evacuation Centers,6,PH025702000
Number of Evacuation Centers,1,PH025703000
Number of Evacuation Centers,1,PH025704000
Number of Evacuation Centers,1,PH025705000
Number of Evacuation Centers,16,PH025706000
Number of Evacuation Centers,1,PH030801000
Number of Evacuation Centers,10,PH030802000
Number of Evacuation Centers,3,PH030803000
Number of Evacuation Centers,18,PH030804000
Number of Evacuation Centers,2,PH030805000
Number of Evacuation Centers,2,PH030806000
Number of Evacuation Centers,9,PH030807000
Number of Evacuation Centers,1,PH030808000
Number of Evacuation Centers,2,PH030809000
Number of Evacuation Centers,2,PH030810000
Number of Evacuation Centers,3,PH030811000
Number of Evacuation Centers,2,PH030812000
Number of Evacuation Centers,7,PH031401000
Number of Evacuation Centers,1,PH031402000
Number of Evacuation Centers,8,PH031403000
Number of Evacuation Centers,10,PH031404000
Number of Evacuation Centers,23,PH031405000
Number of Evacuation Centers,21,PH031406000
Number of Evacuation Centers,0,PH031407000
Number of Evacuation Centers,1,PH031408000
Number of Evacuation Centers,4,PH031409000
Number of Evacuation Centers,0,PH031410000
Number of Evacuation Centers,3,PH031411000
Number of Evacuation Centers,0,PH031412000
Number of Evacuation Centers,3,PH031413000
Number of Evacuation Centers,3,PH031414000
Number of Evacuation Centers,8,PH031415000
Number of Evacuation Centers,45,PH031416000
Number of Evacuation Centers,23,PH031417000
Number of Evacuation Centers,19,PH031418000
Number of Evacuation Centers,6,PH031419000
Number of Evacuation Centers,47,PH031420000
Number of Evacuation Centers,2,PH031421000
Number of Evacuation Centers,1,PH031422000
Number of Evacuation Centers,34,PH031423000
Number of Evacuation Centers,9,PH031424000
Number of Evacuation Centers,10,PH034901000
Number of Evacuation Centers,2,PH034902000
Number of Evacuation Centers,15,PH034903000
Number of Evacuation Centers,13,PH034904000
Number of Evacuation Centers,16,PH034905000
Number of Evacuation Centers,4,PH034906000
Number of Evacuation Centers,7,PH034907000
Number of Evacuation Centers,14,PH034908000
Number of Evacuation Centers,0,PH034909000
Number of Evacuation Centers,0,PH034910000
Number of Evacuation Centers,0,PH034911000
Number of Evacuation Centers,10,PH034912000
Number of Evacuation Centers,10,PH034913000
Number of Evacuation Centers,3,PH034914000
Number of Evacuation Centers,21,PH034915000
Number of Evacuation Centers,2,PH034916000
Number of Evacuation Centers,2,PH034917000
Number of Evacuation Centers,7,PH034918000
Number of Evacuation Centers,22,PH034919000
Number of Evacuation Centers,17,PH034920000
Number of Evacuation Centers,28,PH034921000
Number of Evacuation Centers,13,PH034922000
Number of Evacuation Centers,5,PH034923000
Number of Evacuation Centers,3,PH034924000
Number of Evacuation Centers,0,PH034925000
Number of Evacuation Centers,2,PH034926000
Number of Evacuation Centers,15,PH034927000
Number of Evacuation Centers,0,PH034928000
Number of Evacuation Centers,21,PH034929000
Number of Evacuation Centers,14,PH034930000
Number of Evacuation Centers,2,PH034931000
Number of Evacuation Centers,0,PH034932000
Number of Evacuation Centers,35,PH035401000
Number of Evacuation Centers,4,PH035402000
Number of Evacuation Centers,4,PH035403000
Number of Evacuation Centers,2,PH035404000
Number of Evacuation Centers,4,PH035405000
Number of Evacuation Centers,12,PH035406000
Number of Evacuation Centers,49,PH035407000
Number of Evacuation Centers,17,PH035408000
Number of Evacuation Centers,17,PH035409000
Number of Evacuation Centers,2,PH035410000
Number of Evacuation Centers,11,PH035411000
Number of Evacuation Centers,5,PH035412000
Number of Evacuation Centers,5,PH035413000
Number of Evacuation Centers,35,PH035414000
Number of Evacuation Centers,3,PH035415000
Number of Evacuation Centers,15,PH035416000
Number of Evacuation Centers,7,PH035417000
Number of Evacuation Centers,7,PH035418000
Number of Evacuation Centers,2,PH035419000
Number of Evacuation Centers,4,PH035420000
Number of Evacuation Centers,5,PH035421000
Number of Evacuation Centers,41,PH035422000
Number of Evacuation Centers,24,PH036901000
Number of Evacuation Centers,21,PH036902000
Number of Evacuation Centers,1,PH036903000
Number of Evacuation Centers,4,PH036904000
Number of Evacuation Centers,17,PH036905000
Number of Evacuation Centers,15,PH036906000
Number of Evacuation Centers,4,PH036907000
Number of Evacuation Centers,1,PH036908000
Number of Evacuation Centers,17,PH036909000
Number of Evacuation Centers,0,PH036910000
Number of Evacuation Centers,12,PH036911000
Number of Evacuation Centers,2,PH036912000
Number of Evacuation Centers,7,PH036913000
Number of Evacuation Centers,2,PH036914000
Number of Evacuation Centers,4,PH036915000
Number of Evacuation Centers,15,PH036916000
Number of Evacuation Centers,46,PH036917000
Number of Evacuation Centers,2,PH036918000
Number of Evacuation Centers,6,PH037101000
Number of Evacuation Centers,3,PH037102000
Number of Evacuation Centers,1,PH037103000
Number of Evacuation Centers,18,PH037104000
Number of Evacuation Centers,17,PH037105000
Number of Evacuation Centers,7,PH037106000
Number of Evacuation Centers,1,PH037107000
Number of Evacuation Centers,23,PH037108000
Number of Evacuation Centers,2,PH037109000
Number of Evacuation Centers,5,PH037110000
Number of Evacuation Centers,10,PH037111000
Number of Evacuation Centers,2,PH037112000
Number of Evacuation Centers,23,PH037113000
Number of Evacuation Centers,6,PH037114000
Number of Evacuation Centers,1,PH037701000
Number of Evacuation Centers,55,PH037702000
Number of Evacuation Centers,17,PH037703000
Number of Evacuation Centers,24,PH037704000
Number of Evacuation Centers,17,PH037705000
Number of Evacuation Centers,32,PH037706000
Number of Evacuation Centers,167,PH037707000
Number of Evacuation Centers,34,PH037708000
Number of Evacuation Centers,3,PH041001000
Number of Evacuation Centers,14,PH041002000
Number of Evacuation Centers,23,PH041003000
Number of Evacuation Centers,14,PH041004000
Number of Evacuation Centers,23,PH041005000
Number of Evacuation Centers,9,PH041006000
Number of Evacuation Centers,23,PH041007000
Number of Evacuation Centers,7,PH041008000
Number of Evacuation Centers,7,PH041009000
Number of Evacuation Centers,17,PH041010000
Number of Evacuation Centers,20,PH041011000
Number of Evacuation Centers,23,PH041012000
Number of Evacuation Centers,20,PH041013000
Number of Evacuation Centers,23,PH041014000
Number of Evacuation Centers,22,PH041015000
Number of Evacuation Centers,20,PH041016000
Number of Evacuation Centers,16,PH041017000
Number of Evacuation Centers,7,PH041018000
Number of Evacuation Centers,16,PH041019000
Number of Evacuation Centers,19,PH041020000
Number of Evacuation Centers,12,PH041021000
Number of Evacuation Centers,19,PH041022000
Number of Evacuation Centers,23,PH041023000
Number of Evacuation Centers,21,PH041024000
Number of Evacuation Centers,5,PH041025000
Number of Evacuation Centers,25,PH041026000
Number of Evacuation Centers,6,PH041027000
Number of Evacuation Centers,1,PH041028000
Number of Evacuation Centers,18,PH041029000
Number of Evacuation Centers,3,PH041030000
Number of Evacuation Centers,3,PH041031000
Number of Evacuation Centers,1,PH041032000
Number of Evacuation Centers,3,PH041033000
Number of Evacuation Centers,19,PH041034000
Number of Evacuation Centers,2,PH042101000
Number of Evacuation Centers,27,PH042102000
Number of Evacuation Centers,76,PH042103000
Number of Evacuation Centers,14,PH042104000
Number of Evacuation Centers,9,PH042105000
Number of Evacuation Centers,111,PH042106000
Number of Evacuation Centers,15,PH042107000
Number of Evacuation Centers,12,PH042108000
Number of Evacuation Centers,16,PH042109000
Number of Evacuation Centers,1,PH042110000
Number of Evacuation Centers,10,PH042111000
Number of Evacuation Centers,21,PH042112000
Number of Evacuation Centers,4,PH042113000
Number of Evacuation Centers,1,PH042114000
Number of Evacuation Centers,1,PH042115000
Number of Evacuation Centers,3,PH042116000
Number of Evacuation Centers,31,PH042117000
Number of Evacuation Centers,64,PH042118000
Number of Evacuation Centers,3,PH042119000
Number of Evacuation Centers,0,PH042120000
Number of Evacuation Centers,10,PH042121000
Number of Evacuation Centers,13,PH042122000
Number of Evacuation Centers,10,PH042123000
Number of Evacuation Centers,19,PH043401000
Number of Evacuation Centers,5,PH043402000
Number of Evacuation Centers,13,PH043403000
Number of Evacuation Centers,25,PH043404000
Number of Evacuation Centers,126,PH043405000
Number of Evacuation Centers,40,PH043406000
Number of Evacuation Centers,10,PH043407000
Number of Evacuation Centers,1,PH043408000
Number of Evacuation Centers,15,PH043409000
Number of Evacuation Centers,2,PH043410000
Number of Evacuation Centers,0,PH043411000
Number of Evacuation Centers,23,PH043412000
Number of Evacuation Centers,6,PH043413000
Number of Evacuation Centers,16,PH043414000
Number of Evacuation Centers,15,PH043415000
Number of Evacuation Centers,15,PH043416000
Number of Evacuation Centers,7,PH043417000
Number of Evacuation Centers,13,PH043418000
Number of Evacuation Centers,6,PH043419000
Number of Evacuation Centers,12,PH043420000
Number of Evacuation Centers,1,PH043421000
Number of Evacuation Centers,7,PH043422000
Number of Evacuation Centers,13,PH043423000
Number of Evacuation Centers,54,PH043424000
Number of Evacuation Centers,4,PH043425000
Number of Evacuation Centers,13,PH043426000
Number of Evacuation Centers,3,PH043427000
Number of Evacuation Centers,0,PH043428000
Number of Evacuation Centers,7,PH043429000
Number of Evacuation Centers,15,PH043430000
Number of Evacuation Centers,1,PH045601000
Number of Evacuation Centers,66,PH045602000
Number of Evacuation Centers,6,PH045603000
Number of Evacuation Centers,51,PH045605000
Number of Evacuation Centers,3,PH045606000
Number of Evacuation Centers,135,PH045607000
Number of Evacuation Centers,1,PH045608000
Number of Evacuation Centers,13,PH045610000
Number of Evacuation Centers,3,PH045615000
Number of Evacuation Centers,27,PH045616000
Number of Evacuation Centers,26,PH045617000
Number of Evacuation Centers,2,PH045618000
Number of Evacuation Centers,156,PH045619000
Number of Evacuation Centers,23,PH045620000
Number of Evacuation Centers,10,PH045621000
Number of Evacuation Centers,4,PH045622000
Number of Evacuation Centers,5,PH045623000
Number of Evacuation Centers,39,PH045624000
Number of Evacuation Centers,67,PH045625000
Number of Evacuation Centers,17,PH045627000
Number of Evacuation Centers,9,PH045628000
Number of Evacuation Centers,1,PH045629000
Number of Evacuation Centers,1,PH045630000
Number of Evacuation Centers,6,PH045631000
Number of Evacuation Centers,16,PH045632000
Number of Evacuation Centers,23,PH045633000
Number of Evacuation Centers,15,PH045634000
Number of Evacuation Centers,12,PH045635000
Number of Evacuation Centers,3,PH045636000
Number of Evacuation Centers,21,PH045637000
Number of Evacuation Centers,14,PH045638000
Number of Evacuation Centers,22,PH045639000
Number of Evacuation Centers,7,PH045640000
Number of Evacuation Centers,15,PH045641000
Number of Evacuation Centers,5,PH045642000
Number of Evacuation Centers,24,PH045644000
Number of Evacuation Centers,41,PH045645000
Number of Evacuation Centers,0,PH045646000
Number of Evacuation Centers,20,PH045647000
Number of Evacuation Centers,0,PH045648000
Number of Evacuation Centers,1,PH045649000
Number of Evacuation Centers,27,PH045801000
Number of Evacuation Centers,75,PH045802000
Number of Evacuation Centers,12,PH045803000
Number of Evacuation Centers,11,PH045804000
Number of Evacuation Centers,40,PH045805000
Number of Evacuation Centers,3,PH045806000
Number of Evacuation Centers,9,PH045807000
Number of Evacuation Centers,45,PH045808000
Number of Evacuation Centers,23,PH045809000
Number of Evacuation Centers,5,PH045810000
Number of Evacuation Centers,17,PH045811000
Number of Evacuation Centers,56,PH045812000
Number of Evacuation Centers,4,PH045813000
Number of Evacuation Centers,4,PH045814000
Number of Evacuation Centers,72,PH050501000
Number of Evacuation Centers,24,PH050502000
Number of Evacuation Centers,1,PH050503000
Number of Evacuation Centers,16,PH050504000
Number of Evacuation Centers,1,PH050505000
Number of Evacuation Centers,40,PH050506000
Number of Evacuation Centers,9,PH050507000
Number of Evacuation Centers,25,PH050508000
Number of Evacuation Centers,13,PH050509000
Number of Evacuation Centers,23,PH050510000
Number of Evacuation Centers,2,PH050511000
Number of Evacuation Centers,4,PH050512000
Number of Evacuation Centers,3,PH050513000
Number of Evacuation Centers,17,PH050514000
Number of Evacuation Centers,8,PH050515000
Number of Evacuation Centers,4,PH050516000
Number of Evacuation Centers,11,PH050517000
Number of Evacuation Centers,77,PH050518000
Number of Evacuation Centers,28,PH051601000
Number of Evacuation Centers,38,PH051602000
Number of Evacuation Centers,196,PH051603000
Number of Evacuation Centers,28,PH051604000
Number of Evacuation Centers,76,PH051605000
Number of Evacuation Centers,2,PH051606000
Number of Evacuation Centers,42,PH051607000
Number of Evacuation Centers,23,PH051608000
Number of Evacuation Centers,20,PH051609000
Number of Evacuation Centers,54,PH051610000
Number of Evacuation Centers,1,PH051611000
Number of Evacuation Centers,16,PH051612000
Number of Evacuation Centers,6,PH051701000
Number of Evacuation Centers,17,PH051702000
Number of Evacuation Centers,24,PH051703000
Number of Evacuation Centers,26,PH051704000
Number of Evacuation Centers,1,PH051705000
Number of Evacuation Centers,30,PH051706000
Number of Evacuation Centers,23,PH051707000
Number of Evacuation Centers,12,PH051708000
Number of Evacuation Centers,7,PH051709000
Number of Evacuation Centers,1,PH051710000
Number of Evacuation Centers,2,PH051711000
Number of Evacuation Centers,6,PH051712000
Number of Evacuation Centers,3,PH051713000
Number of Evacuation Centers,1,PH051714000
Number of Evacuation Centers,23,PH051715000
Number of Evacuation Centers,3,PH051716000
Number of Evacuation Centers,23,PH051717000
Number of Evacuation Centers,3,PH051718000
Number of Evacuation Centers,23,PH051719000
Number of Evacuation Centers,1,PH051720000
Number of Evacuation Centers,20,PH051721000
Number of Evacuation Centers,2,PH051722000
Number of Evacuation Centers,6,PH051723000
Number of Evacuation Centers,23,PH051724000
Number of Evacuation Centers,23,PH051725000
Number of Evacuation Centers,23,PH051726000
Number of Evacuation Centers,5,PH051727000
Number of Evacuation Centers,8,PH051728000
Number of Evacuation Centers,19,PH051729000
Number of Evacuation Centers,12,PH051730000
Number of Evacuation Centers,3,PH051731000
Number of Evacuation Centers,3,PH051732000
Number of Evacuation Centers,4,PH051733000
Number of Evacuation Centers,3,PH051734000
Number of Evacuation Centers,1,PH051735000
Number of Evacuation Centers,23,PH051736000
Number of Evacuation Centers,2,PH051737000
Number of Evacuation Centers,0,PH052001000
Number of Evacuation Centers,0,PH052002000
Number of Evacuation Centers,0,PH052003000
Number of Evacuation Centers,0,PH052004000
Number of Evacuation Centers,0,PH052005000
Number of Evacuation Centers,0,PH052006000
Number of Evacuation Centers,0,PH052007000
Number of Evacuation Centers,0,PH052008000
Number of Evacuation Centers,0,PH052009000
Number of Evacuation Centers,6,PH052010000
Number of Evacuation Centers,0,PH052011000
Number of Evacuation Centers,9,PH054101000
Number of Evacuation Centers,3,PH054102000
Number of Evacuation Centers,0,PH054103000
Number of Evacuation Centers,15,PH054104000
Number of Evacuation Centers,8,PH054105000
Number of Evacuation Centers,3,PH054106000
Number of Evacuation Centers,42,PH054107000
Number of Evacuation Centers,7,PH054108000
Number of Evacuation Centers,1,PH054109000
Number of Evacuation Centers,0,PH054110000
Number of Evacuation Centers,0,PH054111000
Number of Evacuation Centers,7,PH054112000
Number of Evacuation Centers,23,PH054113000
Number of Evacuation Centers,21,PH054114000
Number of Evacuation Centers,0,PH054115000
Number of Evacuation Centers,18,PH054116000
Number of Evacuation Centers,2,PH054117000
Number of Evacuation Centers,2,PH054118000
Number of Evacuation Centers,8,PH054119000
Number of Evacuation Centers,3,PH054120000
Number of Evacuation Centers,30,PH054121000
Number of Evacuation Centers,23,PH056202000
Number of Evacuation Centers,7,PH056203000
Number of Evacuation Centers,7,PH056204000
Number of Evacuation Centers,1,PH056205000
Number of Evacuation Centers,1,PH056206000
Number of Evacuation Centers,23,PH056207000
Number of Evacuation Centers,23,PH056208000
Number of Evacuation Centers,8,PH056209000
Number of Evacuation Centers,23,PH056210000
Number of Evacuation Centers,23,PH056211000
Number of Evacuation Centers,17,PH056212000
Number of Evacuation Centers,3,PH056213000
Number of Evacuation Centers,1,PH056214000
Number of Evacuation Centers,2,PH056215000
Number of Evacuation Centers,23,PH056216000
Number of Evacuation Centers,18,PH060401000
Number of Evacuation Centers,14,PH060402000
Number of Evacuation Centers,4,PH060403000
Number of Evacuation Centers,1,PH060404000
Number of Evacuation Centers,1,PH060405000
Number of Evacuation Centers,3,PH060406000
Number of Evacuation Centers,1,PH060407000
Number of Evacuation Centers,12,PH060408000
Number of Evacuation Centers,28,PH060409000
Number of Evacuation Centers,1,PH060410000
Number of Evacuation Centers,1,PH060411000
Number of Evacuation Centers,19,PH060412000
Number of Evacuation Centers,2,PH060413000
Number of Evacuation Centers,10,PH060414000
Number of Evacuation Centers,26,PH060415000
Number of Evacuation Centers,23,PH060416000
Number of Evacuation Centers,3,PH060417000
Number of Evacuation Centers,2,PH060601000
Number of Evacuation Centers,2,PH060602000
Number of Evacuation Centers,31,PH060603000
Number of Evacuation Centers,12,PH060604000
Number of Evacuation Centers,3,PH060605000
Number of Evacuation Centers,2,PH060606000
Number of Evacuation Centers,20,PH060607000
Number of Evacuation Centers,46,PH060608000
Number of Evacuation Centers,15,PH060609000
Number of Evacuation Centers,18,PH060610000
Number of Evacuation Centers,20,PH060611000
Number of Evacuation Centers,1,PH060612000
Number of Evacuation Centers,55,PH060613000
Number of Evacuation Centers,4,PH060614000
Number of Evacuation Centers,1,PH060615000
Number of Evacuation Centers,4,PH060616000
Number of Evacuation Centers,1,PH060617000
Number of Evacuation Centers,2,PH060618000
Number of Evacuation Centers,1,PH061901000
Number of Evacuation Centers,16,PH061902000
Number of Evacuation Centers,7,PH061903000
Number of Evacuation Centers,28,PH061904000
Number of Evacuation Centers,57,PH061905000
Number of Evacuation Centers,30,PH061906000
Number of Evacuation Centers,6,PH061907000
Number of Evacuation Centers,1,PH061908000
Number of Evacuation Centers,66,PH061909000
Number of Evacuation Centers,25,PH061910000
Number of Evacuation Centers,8,PH061911000
Number of Evacuation Centers,27,PH061912000
Number of Evacuation Centers,7,PH061913000
Number of Evacuation Centers,1,PH061914000
Number of Evacuation Centers,4,PH061915000
Number of Evacuation Centers,74,PH061916000
Number of Evacuation Centers,19,PH061917000
Number of Evacuation Centers,19,PH063001000
Number of Evacuation Centers,6,PH063002000
Number of Evacuation Centers,20,PH063003000
Number of Evacuation Centers,22,PH063004000
Number of Evacuation Centers,17,PH063005000
Number of Evacuation Centers,1,PH063006000
Number of Evacuation Centers,1,PH063007000
Number of Evacuation Centers,2,PH063008000
Number of Evacuation Centers,1,PH063009000
Number of Evacuation Centers,1,PH063010000
Number of Evacuation Centers,2,PH063012000
Number of Evacuation Centers,9,PH063013000
Number of Evacuation Centers,33,PH063014000
Number of Evacuation Centers,1,PH063015000
Number of Evacuation Centers,21,PH063016000
Number of Evacuation Centers,41,PH063017000
Number of Evacuation Centers,19,PH063018000
Number of Evacuation Centers,0,PH063019000
Number of Evacuation Centers,1,PH063020000
Number of Evacuation Centers,1,PH063021000
Number of Evacuation Centers,5,PH063022000
Number of Evacuation Centers,6,PH063023000
Number of Evacuation Centers,4,PH063025000
Number of Evacuation Centers,27,PH063026000
Number of Evacuation Centers,2,PH063027000
Number of Evacuation Centers,1,PH063028000
Number of Evacuation Centers,3,PH063029000
Number of Evacuation Centers,18,PH063030000
Number of Evacuation Centers,4,PH063031000
Number of Evacuation Centers,8,PH063032000
Number of Evacuation Centers,4,PH063034000
Number of Evacuation Centers,5,PH063035000
Number of Evacuation Centers,3,PH063036000
Number of Evacuation Centers,7,PH063037000
Number of Evacuation Centers,4,PH063038000
Number of Evacuation Centers,33,PH063039000
Number of Evacuation Centers,3,PH063040000
Number of Evacuation Centers,1,PH063041000
Number of Evacuation Centers,1,PH063042000
Number of Evacuation Centers,3,PH063043000
Number of Evacuation Centers,6,PH063044000
Number of Evacuation Centers,4,PH063045000
Number of Evacuation Centers,9,PH063046000
Number of Evacuation Centers,7,PH063047000
Number of Evacuation Centers,2,PH067901000
Number of Evacuation Centers,1,PH067902000
Number of Evacuation Centers,18,PH067903000
Number of Evacuation Centers,7,PH067904000
Number of Evacuation Centers,19,PH067905000
Number of Evacuation Centers,31,PH071201000
Number of Evacuation Centers,19,PH071202000
Number of Evacuation Centers,7,PH071203000
Number of Evacuation Centers,2,PH071204000
Number of Evacuation Centers,10,PH071205000
Number of Evacuation Centers,23,PH071206000
Number of Evacuation Centers,51,PH071207000
Number of Evacuation Centers,1,PH071208000
Number of Evacuation Centers,2,PH071209000
Number of Evacuation Centers,4,PH071210000
Number of Evacuation Centers,2,PH071211000
Number of Evacuation Centers,4,PH071212000
Number of Evacuation Centers,2,PH071213000
Number of Evacuation Centers,10,PH071214000
Number of Evacuation Centers,9,PH071215000
Number of Evacuation Centers,14,PH071216000
Number of Evacuation Centers,1,PH071217000
Number of Evacuation Centers,28,PH071218000
Number of Evacuation Centers,59,PH071219000
Number of Evacuation Centers,27,PH071220000
Number of Evacuation Centers,68,PH071221000
Number of Evacuation Centers,66,PH071222000
Number of Evacuation Centers,23,PH071223000
Number of Evacuation Centers,3,PH071224000
Number of Evacuation Centers,15,PH071225000
Number of Evacuation Centers,1,PH071226000
Number of Evacuation Centers,2,PH071227000
Number of Evacuation Centers,52,PH071228000
Number of Evacuation Centers,8,PH071229000
Number of Evacuation Centers,1,PH071230000
Number of Evacuation Centers,1,PH071231000
Number of Evacuation Centers,11,PH071232000
Number of Evacuation Centers,30,PH071233000
Number of Evacuation Centers,9,PH071234000
Number of Evacuation Centers,33,PH071235000
Number of Evacuation Centers,1,PH071236000
Number of Evacuation Centers,4,PH071237000
Number of Evacuation Centers,2,PH071238000
Number of Evacuation Centers,10,PH071239000
Number of Evacuation Centers,2,PH071240000
Number of Evacuation Centers,29,PH071241000
Number of Evacuation Centers,22,PH071242000
Number of Evacuation Centers,9,PH071243000
Number of Evacuation Centers,20,PH071244000
Number of Evacuation Centers,5,PH071245000
Number of Evacuation Centers,3,PH071246000
Number of Evacuation Centers,4,PH071247000
Number of Evacuation Centers,1,PH071248000
Number of Evacuation Centers,0,PH072201000
Number of Evacuation Centers,22,PH072202000
Number of Evacuation Centers,14,PH072203000
Number of Evacuation Centers,0,PH072204000
Number of Evacuation Centers,0,PH072205000
Number of Evacuation Centers,16,PH072206000
Number of Evacuation Centers,3,PH072207000
Number of Evacuation Centers,2,PH072208000
Number of Evacuation Centers,0,PH072209000
Number of Evacuation Centers,1,PH072210000
Number of Evacuation Centers,21,PH072211000
Number of Evacuation Centers,4,PH072212000
Number of Evacuation Centers,30,PH072213000
Number of Evacuation Centers,1,PH072214000
Number of Evacuation Centers,0,PH072215000
Number of Evacuation Centers,7,PH072216000
Number of Evacuation Centers,28,PH072217000
Number of Evacuation Centers,4,PH072218000
Number of Evacuation Centers,15,PH072219000
Number of Evacuation Centers,5,PH072220000
Number of Evacuation Centers,30,PH072221000
Number of Evacuation Centers,17,PH072222000
Number of Evacuation Centers,55,PH072223000
Number of Evacuation Centers,12,PH072224000
Number of Evacuation Centers,26,PH072225000
Number of Evacuation Centers,0,PH072226000
Number of Evacuation Centers,1,PH072227000
Number of Evacuation Centers,0,PH072228000
Number of Evacuation Centers,19,PH072229000
Number of Evacuation Centers,29,PH072230000
Number of Evacuation Centers,6,PH072231000
Number of Evacuation Centers,2,PH072232000
Number of Evacuation Centers,19,PH072233000
Number of Evacuation Centers,1,PH072234000
Number of Evacuation Centers,17,PH072235000
Number of Evacuation Centers,1,PH072236000
Number of Evacuation Centers,0,PH072237000
Number of Evacuation Centers,12,PH072238000
Number of Evacuation Centers,20,PH072239000
Number of Evacuation Centers,17,PH072240000
Number of Evacuation Centers,1,PH072241000
Number of Evacuation Centers,28,PH072242000
Number of Evacuation Centers,26,PH072243000
Number of Evacuation Centers,12,PH072244000
Number of Evacuation Centers,10,PH072245000
Number of Evacuation Centers,4,PH072246000
Number of Evacuation Centers,2,PH072247000
Number of Evacuation Centers,40,PH072248000
Number of Evacuation Centers,17,PH072249000
Number of Evacuation Centers,33,PH072250000
Number of Evacuation Centers,9,PH072251000
Number of Evacuation Centers,54,PH072252000
Number of Evacuation Centers,1,PH072253000
Number of Evacuation Centers,28,PH076101000
Number of Evacuation Centers,17,PH076102000
Number of Evacuation Centers,12,PH076103000
Number of Evacuation Centers,1,PH076104000
Number of Evacuation Centers,15,PH076105000
Number of Evacuation Centers,21,PH076106000
Number of Evacuation Centers,3,PH082601000
Number of Evacuation Centers,14,PH082602000
Number of Evacuation Centers,1,PH082603000
Number of Evacuation Centers,21,PH082604000
Number of Evacuation Centers,6,PH082605000
Number of Evacuation Centers,3,PH082606000
Number of Evacuation Centers,2,PH082607000
Number of Evacuation Centers,3,PH082608000
Number of Evacuation Centers,3,PH082609000
Number of Evacuation Centers,1,PH082610000
Number of Evacuation Centers,3,PH082611000
Number of Evacuation Centers,10,PH082612000
Number of Evacuation Centers,4,PH082613000
Number of Evacuation Centers,7,PH082614000
Number of Evacuation Centers,1,PH082615000
Number of Evacuation Centers,9,PH082616000
Number of Evacuation Centers,7,PH082617000
Number of Evacuation Centers,2,PH082618000
Number of Evacuation Centers,1,PH082619000
Number of Evacuation Centers,8,PH082620000
Number of Evacuation Centers,1,PH082621000
Number of Evacuation Centers,7,PH082622000
Number of Evacuation Centers,8,PH082623000
Number of Evacuation Centers,0,PH083701000
Number of Evacuation Centers,0,PH083702000
Number of Evacuation Centers,0,PH083703000
Number of Evacuation Centers,0,PH083705000
Number of Evacuation Centers,0,PH083706000
Number of Evacuation Centers,0,PH083707000
Number of Evacuation Centers,4,PH083708000
Number of Evacuation Centers,0,PH083710000
Number of Evacuation Centers,0,PH083713000
Number of Evacuation Centers,0,PH083714000
Number of Evacuation Centers,0,PH083715000
Number of Evacuation Centers,0,PH083717000
Number of Evacuation Centers,0,PH083718000
Number of Evacuation Centers,0,PH083719000
Number of Evacuation Centers,0,PH083720000
Number of Evacuation Centers,0,PH083721000
Number of Evacuation Centers,0,PH083722000
Number of Evacuation Centers,0,PH083723000
Number of Evacuation Centers,0,PH083724000
Number of Evacuation Centers,0,PH083725000
Number of Evacuation Centers,0,PH083726000
Number of Evacuation Centers,1,PH083728000
Number of Evacuation Centers,0,PH083729000
Number of Evacuation Centers,3,PH083730000
Number of Evacuation Centers,0,PH083731000
Number of Evacuation Centers,0,PH083733000
Number of Evacuation Centers,0,PH083734000
Number of Evacuation Centers,0,PH083735000
Number of Evacuation Centers,0,PH083736000
Number of Evacuation Centers,3,PH083738000
Number of Evacuation Centers,0,PH083739000
Number of Evacuation Centers,0,PH083740000
Number of Evacuation Centers,0,PH083741000
Number of Evacuation Centers,0,PH083742000
Number of Evacuation Centers,0,PH083743000
Number of Evacuation Centers,0,PH083744000
Number of Evacuation Centers,0,PH083745000
Number of Evacuation Centers,0,PH083746000
Number of Evacuation Centers,0,PH083747000
Number of Evacuation Centers,0,PH083748000
Number of Evacuation Centers,0,PH083749000
Number of Evacuation Centers,0,PH083750000
Number of Evacuation Centers,0,PH083751000
Number of Evacuation Centers,4,PH084801000
Number of Evacuation Centers,0,PH084802000
Number of Evacuation Centers,4,PH084803000
Number of Evacuation Centers,1,PH084804000
Number of Evacuation Centers,26,PH084805000
Number of Evacuation Centers,0,PH084806000
Number of Evacuation Centers,3,PH084807000
Number of Evacuation Centers,0,PH084808000
Number of Evacuation Centers,0,PH084809000
Number of Evacuation Centers,0,PH084810000
Number of Evacuation Centers,6,PH084811000
Number of Evacuation Centers,1,PH084812000
Number of Evacuation Centers,18,PH084813000
Number of Evacuation Centers,6,PH084814000
Number of Evacuation Centers,0,PH084815000
Number of Evacuation Centers,0,PH084816000
Number of Evacuation Centers,0,PH084817000
Number of Evacuation Centers,0,PH084818000
Number of Evacuation Centers,5,PH084819000
Number of Evacuation Centers,0,PH084820000
Number of Evacuation Centers,0,PH084821000
Number of Evacuation Centers,0,PH084822000
Number of Evacuation Centers,0,PH084823000
Number of Evacuation Centers,35,PH084824000
Number of Evacuation Centers,4,PH086001000
Number of Evacuation Centers,3,PH086002000
Number of Evacuation Centers,3,PH086003000
Number of Evacuation Centers,8,PH086004000
Number of Evacuation Centers,6,PH086005000
Number of Evacuation Centers,12,PH086006000
Number of Evacuation Centers,8,PH086007000
Number of Evacuation Centers,3,PH086008000
Number of Evacuation Centers,1,PH086009000
Number of Evacuation Centers,1,PH086010000
Number of Evacuation Centers,4,PH086011000
Number of Evacuation Centers,23,PH086012000
Number of Evacuation Centers,0,PH086013000
Number of Evacuation Centers,0,PH086014000
Number of Evacuation Centers,2,PH086015000
Number of Evacuation Centers,1,PH086016000
Number of Evacuation Centers,0,PH086017000
Number of Evacuation Centers,0,PH086018000
Number of Evacuation Centers,0,PH086019000
Number of Evacuation Centers,7,PH086020000
Number of Evacuation Centers,0,PH086021000
Number of Evacuation Centers,3,PH086022000
Number of Evacuation Centers,6,PH086023000
Number of Evacuation Centers,2,PH086024000
Number of Evacuation Centers,0,PH086025000
Number of Evacuation Centers,3,PH086026000
Number of Evacuation Centers,18,PH086401000
Number of Evacuation Centers,18,PH086402000
Number of Evacuation Centers,20,PH086403000
Number of Evacuation Centers,6,PH086404000
Number of Evacuation Centers,2,PH086405000
Number of Evacuation Centers,5,PH086406000
Number of Evacuation Centers,197,PH086407000
Number of Evacuation Centers,82,PH086408000
Number of Evacuation Centers,20,PH086409000
Number of Evacuation Centers,13,PH086410000
Number of Evacuation Centers,8,PH086411000
Number of Evacuation Centers,24,PH086412000
Number of Evacuation Centers,32,PH086413000
Number of Evacuation Centers,39,PH086414000
Number of Evacuation Centers,11,PH086415000
Number of Evacuation Centers,1,PH086416000
Number of Evacuation Centers,8,PH086417000
Number of Evacuation Centers,4,PH086418000
Number of Evacuation Centers,17,PH086419000
Number of Evacuation Centers,13,PH087801000
Number of Evacuation Centers,10,PH087802000
Number of Evacuation Centers,17,PH087803000
Number of Evacuation Centers,1,PH087804000
Number of Evacuation Centers,5,PH087805000
Number of Evacuation Centers,74,PH087806000
Number of Evacuation Centers,21,PH087807000
Number of Evacuation Centers,3,PH087808000
Number of Evacuation Centers,3,PH097201000
Number of Evacuation Centers,2,PH097202000
Number of Evacuation Centers,11,PH097203000
Number of Evacuation Centers,16,PH097204000
Number of Evacuation Centers,1,PH097205000
Number of Evacuation Centers,2,PH097206000
Number of Evacuation Centers,2,PH097207000
Number of Evacuation Centers,4,PH097208000
Number of Evacuation Centers,3,PH097209000
Number of Evacuation Centers,17,PH097210000
Number of Evacuation Centers,3,PH097211000
Number of Evacuation Centers,1,PH097212000
Number of Evacuation Centers,8,PH097213000
Number of Evacuation Centers,1,PH097214000
Number of Evacuation Centers,1,PH097215000
Number of Evacuation Centers,18,PH097216000
Number of Evacuation Centers,4,PH097217000
Number of Evacuation Centers,35,PH097218000
Number of Evacuation Centers,6,PH097219000
Number of Evacuation Centers,2,PH097220000
Number of Evacuation Centers,21,PH097221000
Number of Evacuation Centers,1,PH097222000
Number of Evacuation Centers,3,PH097223000
Number of Evacuation Centers,3,PH097224000
Number of Evacuation Centers,4,PH097225000
Number of Evacuation Centers,4,PH097226000
Number of Evacuation Centers,2,PH097227000
Number of Evacuation Centers,1,PH097302000
Number of Evacuation Centers,4,PH097303000
Number of Evacuation Centers,1,PH097305000
Number of Evacuation Centers,2,PH097306000
Number of Evacuation Centers,7,PH097307000
Number of Evacuation Centers,51,PH097308000
Number of Evacuation Centers,4,PH097311000
Number of Evacuation Centers,4,PH097312000
Number of Evacuation Centers,9,PH097313000
Number of Evacuation Centers,1,PH097315000
Number of Evacuation Centers,2,PH097317000
Number of Evacuation Centers,9,PH097318000
Number of Evacuation Centers,9,PH097319000
Number of Evacuation Centers,2,PH097322000
Number of Evacuation Centers,14,PH097323000
Number of Evacuation Centers,2,PH097324000
Number of Evacuation Centers,2,PH097325000
Number of Evacuation Centers,20,PH097327000
Number of Evacuation Centers,1,PH097328000
Number of Evacuation Centers,3,PH097330000
Number of Evacuation Centers,47,PH097332000
Number of Evacuation Centers,2,PH097333000
Number of Evacuation Centers,4,PH097337000
Number of Evacuation Centers,6,PH097338000
Number of Evacuation Centers,6,PH097340000
Number of Evacuation Centers,7,PH097341000
Number of Evacuation Centers,4,PH097343000
Number of Evacuation Centers,69,PH097344000
Number of Evacuation Centers,17,PH098301000
Number of Evacuation Centers,2,PH098302000
Number of Evacuation Centers,1,PH098303000
Number of Evacuation Centers,4,PH098304000
Number of Evacuation Centers,6,PH098305000
Number of Evacuation Centers,1,PH098306000
Number of Evacuation Centers,22,PH098307000
Number of Evacuation Centers,1,PH098308000
Number of Evacuation Centers,1,PH098309000
Number of Evacuation Centers,7,PH098310000
Number of Evacuation Centers,14,PH098311000
Number of Evacuation Centers,4,PH098312000
Number of Evacuation Centers,6,PH098313000
Number of Evacuation Centers,3,PH098314000
Number of Evacuation Centers,1,PH098315000
Number of Evacuation Centers,34,PH098316000
Number of Evacuation Centers,0,PH099701000
Number of Evacuation Centers,1,PH101301000
Number of Evacuation Centers,7,PH101302000
Number of Evacuation Centers,4,PH101303000
Number of Evacuation Centers,1,PH101304000
Number of Evacuation Centers,14,PH101305000
Number of Evacuation Centers,2,PH101306000
Number of Evacuation Centers,5,PH101307000
Number of Evacuation Centers,14,PH101308000
Number of Evacuation Centers,0,PH101309000
Number of Evacuation Centers,0,PH101310000
Number of Evacuation Centers,16,PH101311000
Number of Evacuation Centers,14,PH101312000
Number of Evacuation Centers,1,PH101313000
Number of Evacuation Centers,23,PH101314000
Number of Evacuation Centers,1,PH101315000
Number of Evacuation Centers,1,PH101316000
Number of Evacuation Centers,23,PH101317000
Number of Evacuation Centers,0,PH101318000
Number of Evacuation Centers,1,PH101319000
Number of Evacuation Centers,23,PH101320000
Number of Evacuation Centers,1,PH101321000
Number of Evacuation Centers,22,PH101322000
Number of Evacuation Centers,19,PH101801000
Number of Evacuation Centers,22,PH101802000
Number of Evacuation Centers,21,PH101803000
Number of Evacuation Centers,17,PH101804000
Number of Evacuation Centers,29,PH101805000
Number of Evacuation Centers,3,PH103501000
Number of Evacuation Centers,5,PH103502000
Number of Evacuation Centers,11,PH103503000
Number of Evacuation Centers,23,PH103504000
Number of Evacuation Centers,5,PH103505000
Number of Evacuation Centers,2,PH103506000
Number of Evacuation Centers,5,PH103507000
Number of Evacuation Centers,10,PH103508000
Number of Evacuation Centers,43,PH103509000
Number of Evacuation Centers,5,PH103510000
Number of Evacuation Centers,0,PH103511000
Number of Evacuation Centers,4,PH103512000
Number of Evacuation Centers,0,PH103513000
Number of Evacuation Centers,2,PH103514000
Number of Evacuation Centers,3,PH103515000
Number of Evacuation Centers,0,PH103516000
Number of Evacuation Centers,4,PH103517000
Number of Evacuation Centers,1,PH103518000
Number of Evacuation Centers,0,PH103519000
Number of Evacuation Centers,4,PH103520000
Number of Evacuation Centers,5,PH103521000
Number of Evacuation Centers,2,PH103522000
Number of Evacuation Centers,0,PH103523000
Number of Evacuation Centers,8,PH104201000
Number of Evacuation Centers,1,PH104202000
Number of Evacuation Centers,1,PH104203000
Number of Evacuation Centers,5,PH104204000
Number of Evacuation Centers,5,PH104205000
Number of Evacuation Centers,3,PH104206000
Number of Evacuation Centers,0,PH104207000
Number of Evacuation Centers,1,PH104208000
Number of Evacuation Centers,9,PH104209000
Number of Evacuation Centers,6,PH104210000
Number of Evacuation Centers,4,PH104211000
Number of Evacuation Centers,4,PH104212000
Number of Evacuation Centers,32,PH104213000
Number of Evacuation Centers,3,PH104214000
Number of Evacuation Centers,9,PH104215000
Number of Evacuation Centers,3,PH104216000
Number of Evacuation Centers,1,PH104217000
Number of Evacuation Centers,1,PH104301000
Number of Evacuation Centers,3,PH104302000
Number of Evacuation Centers,4,PH104303000
Number of Evacuation Centers,2,PH104304000
Number of Evacuation Centers,100,PH104305000
Number of Evacuation Centers,1,PH104306000
Number of Evacuation Centers,2,PH104307000
Number of Evacuation Centers,17,PH104308000
Number of Evacuation Centers,1,PH104309000
Number of Evacuation Centers,1,PH104310000
Number of Evacuation Centers,1,PH104311000
Number of Evacuation Centers,1,PH104312000
Number of Evacuation Centers,1,PH104313000
Number of Evacuation Centers,3,PH104314000
Number of Evacuation Centers,3,PH104315000
Number of Evacuation Centers,2,PH104316000
Number of Evacuation Centers,1,PH104317000
Number of Evacuation Centers,16,PH104318000
Number of Evacuation Centers,2,PH104319000
Number of Evacuation Centers,1,PH104320000
Number of Evacuation Centers,1,PH104321000
Number of Evacuation Centers,1,PH104322000
Number of Evacuation Centers,2,PH104323000
Number of Evacuation Centers,1,PH104324000
Number of Evacuation Centers,2,PH104325000
Number of Evacuation Centers,1,PH104326000
Number of Evacuation Centers,24,PH112301000
Number of Evacuation Centers,12,PH112303000
Number of Evacuation Centers,28,PH112305000
Number of Evacuation Centers,11,PH112314000
Number of Evacuation Centers,24,PH112315000
Number of Evacuation Centers,0,PH112317000
Number of Evacuation Centers,15,PH112318000
Number of Evacuation Centers,7,PH112319000
Number of Evacuation Centers,3,PH112322000
Number of Evacuation Centers,25,PH112323000
Number of Evacuation Centers,0,PH112324000
Number of Evacuation Centers,1,PH112401000
Number of Evacuation Centers,0,PH112402000
Number of Evacuation Centers,30,PH112403000
Number of Evacuation Centers,59,PH112404000
Number of Evacuation Centers,31,PH112406000
Number of Evacuation Centers,48,PH112407000
Number of Evacuation Centers,20,PH112408000
Number of Evacuation Centers,33,PH112410000
Number of Evacuation Centers,11,PH112411000
Number of Evacuation Centers,14,PH112412000
Number of Evacuation Centers,2,PH112414000
Number of Evacuation Centers,0,PH112501000
Number of Evacuation Centers,1,PH112502000
Number of Evacuation Centers,1,PH112503000
Number of Evacuation Centers,6,PH112504000
Number of Evacuation Centers,3,PH112505000
Number of Evacuation Centers,1,PH112506000
Number of Evacuation Centers,0,PH112507000
Number of Evacuation Centers,25,PH112508000
Number of Evacuation Centers,0,PH112509000
Number of Evacuation Centers,16,PH112510000
Number of Evacuation Centers,13,PH112511000
Number of Evacuation Centers,24,PH118201000
Number of Evacuation Centers,1,PH118202000
Number of Evacuation Centers,16,PH118203000
Number of Evacuation Centers,2,PH118204000
Number of Evacuation Centers,25,PH118205000
Number of Evacuation Centers,19,PH118206000
Number of Evacuation Centers,1,PH118207000
Number of Evacuation Centers,19,PH118208000
Number of Evacuation Centers,51,PH118209000
Number of Evacuation Centers,3,PH118210000
Number of Evacuation Centers,24,PH118211000
Number of Evacuation Centers,9,PH118601000
Number of Evacuation Centers,2,PH118602000
Number of Evacuation Centers,4,PH118603000
Number of Evacuation Centers,7,PH118604000
Number of Evacuation Centers,17,PH118605000
Number of Evacuation Centers,1,PH124701000
Number of Evacuation Centers,2,PH124702000
Number of Evacuation Centers,2,PH124703000
Number of Evacuation Centers,1,PH124704000
Number of Evacuation Centers,19,PH124705000
Number of Evacuation Centers,19,PH124706000
Number of Evacuation Centers,1,PH124707000
Number of Evacuation Centers,42,PH124708000
Number of Evacuation Centers,1,PH124709000
Number of Evacuation Centers,7,PH124710000
Number of Evacuation Centers,3,PH124711000
Number of Evacuation Centers,7,PH124712000
Number of Evacuation Centers,5,PH124713000
Number of Evacuation Centers,92,PH124714000
Number of Evacuation Centers,3,PH124715000
Number of Evacuation Centers,89,PH124716000
Number of Evacuation Centers,5,PH124717000
Number of Evacuation Centers,6,PH124718000
Number of Evacuation Centers,2,PH126302000
Number of Evacuation Centers,26,PH126303000
Number of Evacuation Centers,38,PH126306000
Number of Evacuation Centers,48,PH126311000
Number of Evacuation Centers,59,PH126312000
Number of Evacuation Centers,7,PH126313000
Number of Evacuation Centers,48,PH126314000
Number of Evacuation Centers,12,PH126315000
Number of Evacuation Centers,34,PH126316000
Number of Evacuation Centers,100,PH126317000
Number of Evacuation Centers,13,PH126318000
Number of Evacuation Centers,3,PH126319000
Number of Evacuation Centers,3,PH126501000
Number of Evacuation Centers,23,PH126502000
Number of Evacuation Centers,1,PH126503000
Number of Evacuation Centers,1,PH126504000
Number of Evacuation Centers,6,PH126505000
Number of Evacuation Centers,1,PH126506000
Number of Evacuation Centers,12,PH126507000
Number of Evacuation Centers,6,PH126508000
Number of Evacuation Centers,1,PH126509000
Number of Evacuation Centers,3,PH126510000
Number of Evacuation Centers,23,PH126511000
Number of Evacuation Centers,1,PH126512000
Number of Evacuation Centers,11,PH128001000
Number of Evacuation Centers,17,PH128002000
Number of Evacuation Centers,10,PH128003000
Number of Evacuation Centers,10,PH128004000
Number of Evacuation Centers,5,PH128005000
Number of Evacuation Centers,25,PH128006000
Number of Evacuation Centers,72,PH128007000
Number of Evacuation Centers,4,PH129804000
Number of Evacuation Centers,0,PH133901000
Number of Evacuation Centers,0,PH133902000
Number of Evacuation Centers,0,PH133903000
Number of Evacuation Centers,0,PH133904000
Number of Evacuation Centers,0,PH133905000
Number of Evacuation Centers,0,PH133906000
Number of Evacuation Centers,0,PH133907000
Number of Evacuation Centers,0,PH133908000
Number of Evacuation Centers,0,PH133909000
Number of Evacuation Centers,0,PH133910000
Number of Evacuation Centers,0,PH133911000
Number of Evacuation Centers,0,PH133912000
Number of Evacuation Centers,0,PH133913000
Number of Evacuation Centers,0,PH133914000
Number of Evacuation Centers,0,PH137401000
Number of Evacuation Centers,5,PH137402000
Number of Evacuation Centers,129,PH137403000
Number of Evacuation Centers,0,PH137404000
Number of Evacuation Centers,5,PH137405000
Number of Evacuation Centers,24,PH137501000
Number of Evacuation Centers,71,PH137502000
Number of Evacuation Centers,0,PH137503000
Number of Evacuation Centers,0,PH137504000
Number of Evacuation Centers,70,PH137601000
Number of Evacuation Centers,103,PH137602000
Number of Evacuation Centers,16,PH137603000
Number of Evacuation Centers,5,PH137604000
Number of Evacuation Centers,18,PH137605000
Number of Evacuation Centers,0,PH137606000
Number of Evacuation Centers,0,PH137607000
Number of Evacuation Centers,5,PH140101000
Number of Evacuation Centers,0,PH140102000
Number of Evacuation Centers,3,PH140103000
Number of Evacuation Centers,10,PH140104000
Number of Evacuation Centers,5,PH140105000
Number of Evacuation Centers,8,PH140106000
Number of Evacuation Centers,3,PH140107000
Number of Evacuation Centers,6,PH140108000
Number of Evacuation Centers,13,PH140109000
Number of Evacuation Centers,1,PH140110000
Number of Evacuation Centers,3,PH140111000
Number of Evacuation Centers,17,PH140112000
Number of Evacuation Centers,19,PH140113000
Number of Evacuation Centers,13,PH140114000
Number of Evacuation Centers,13,PH140115000
Number of Evacuation Centers,0,PH140116000
Number of Evacuation Centers,30,PH140117000
Number of Evacuation Centers,5,PH140118000
Number of Evacuation Centers,7,PH140119000
Number of Evacuation Centers,17,PH140120000
Number of Evacuation Centers,7,PH140121000
Number of Evacuation Centers,14,PH140122000
Number of Evacuation Centers,24,PH140123000
Number of Evacuation Centers,14,PH140124000
Number of Evacuation Centers,2,PH140125000
Number of Evacuation Centers,10,PH140126000
Number of Evacuation Centers,16,PH140127000
Number of Evacuation Centers,22,PH141101000
Number of Evacuation Centers,77,PH141102000
Number of Evacuation Centers,37,PH141103000
Number of Evacuation Centers,1,PH141104000
Number of Evacuation Centers,32,PH141105000
Number of Evacuation Centers,2,PH141106000
Number of Evacuation Centers,41,PH141107000
Number of Evacuation Centers,5,PH141108000
Number of Evacuation Centers,75,PH141109000
Number of Evacuation Centers,23,PH141110000
Number of Evacuation Centers,1,PH141111000
Number of Evacuation Centers,11,PH141112000
Number of Evacuation Centers,118,PH141113000
Number of Evacuation Centers,16,PH141114000
Number of Evacuation Centers,0,PH142701000
Number of Evacuation Centers,32,PH142702000
Number of Evacuation Centers,10,PH142703000
Number of Evacuation Centers,15,PH142704000
Number of Evacuation Centers,40,PH142705000
Number of Evacuation Centers,2,PH142706000
Number of Evacuation Centers,20,PH142707000
Number of Evacuation Centers,4,PH142708000
Number of Evacuation Centers,17,PH142709000
Number of Evacuation Centers,51,PH142710000
Number of Evacuation Centers,6,PH142711000
Number of Evacuation Centers,18,PH143201000
Number of Evacuation Centers,1,PH143206000
Number of Evacuation Centers,44,PH143208000
Number of Evacuation Centers,23,PH143209000
Number of Evacuation Centers,15,PH143211000
Number of Evacuation Centers,21,PH143213000
Number of Evacuation Centers,28,PH143214000
Number of Evacuation Centers,29,PH143215000
Number of Evacuation Centers,3,PH144401000
Number of Evacuation Centers,0,PH144402000
Number of Evacuation Centers,13,PH144403000
Number of Evacuation Centers,7,PH144404000
Number of Evacuation Centers,2,PH144405000
Number of Evacuation Centers,1,PH144406000
Number of Evacuation Centers,2,PH144407000
Number of Evacuation Centers,27,PH144408000
Number of Evacuation Centers,29,PH144409000
Number of Evacuation Centers,1,PH144410000
Number of Evacuation Centers,40,PH148101000
Number of Evacuation Centers,8,PH148102000
Number of Evacuation Centers,1,PH148103000
Number of Evacuation Centers,12,PH148104000
Number of Evacuation Centers,51,PH148105000
Number of Evacuation Centers,23,PH148106000
Number of Evacuation Centers,13,PH148107000
Number of Evacuation Centers,0,PH150702000
Number of Evacuation Centers,0,PH150703000
Number of Evacuation Centers,0,PH150704000
Number of Evacuation Centers,0,PH150705000
Number of Evacuation Centers,0,PH150706000
Number of Evacuation Centers,0,PH150707000
Number of Evacuation Centers,0,PH150708000
Number of Evacuation Centers,0,PH150709000
Number of Evacuation Centers,0,PH150710000
Number of Evacuation Centers,0,PH150711000
Number of Evacuation Centers,0,PH150712000
Number of Evacuation Centers,0,PH150713000
Number of Evacuation Centers,0,PH153601000
Number of Evacuation Centers,0,PH153602000
Number of Evacuation Centers,0,PH153603000
Number of Evacuation Centers,0,PH153604000
Number of Evacuation Centers,0,PH153605000
Number of Evacuation Centers,0,PH153606000
Number of Evacuation Centers,0,PH153607000
Number of Evacuation Centers,0,PH153609000
Number of Evacuation Centers,0,PH153610000
Number of Evacuation Centers,0,PH153611000
Number of Evacuation Centers,0,PH153612000
Number of Evacuation Centers,0,PH153613000
Number of Evacuation Centers,0,PH153614000
Number of Evacuation Centers,0,PH153615000
Number of Evacuation Centers,0,PH153616000
Number of Evacuation Centers,0,PH153617000
Number of Evacuation Centers,0,PH153618000
Number of Evacuation Centers,0,PH153619000
Number of Evacuation Centers,0,PH153620000
Number of Evacuation Centers,0,PH153621000
Number of Evacuation Centers,0,PH153622000
Number of Evacuation Centers,0,PH153623000
Number of Evacuation Centers,0,PH153624000
Number of Evacuation Centers,0,PH153625000
Number of Evacuation Centers,0,PH153626000
Number of Evacuation Centers,0,PH153627000
Number of Evacuation Centers,0,PH153628000
Number of Evacuation Centers,0,PH153629000
Number of Evacuation Centers,0,PH153630000
Number of Evacuation Centers,0,PH153631000
Number of Evacuation Centers,0,PH153632000
Number of Evacuation Centers,0,PH153633000
Number of Evacuation Centers,0,PH153634000
Number of Evacuation Centers,0,PH153635000
Number of Evacuation Centers,0,PH153636000
Number of Evacuation Centers,0,PH153637000
Number of Evacuation Centers,0,PH153638000
Number of Evacuation Centers,0,PH153639000
Number of Evacuation Centers,0,PH153640000
Number of Evacuation Centers,0,PH153641000
Number of Evacuation Centers,0,PH153801000
Number of Evacuation Centers,0,PH153802000
Number of Evacuation Centers,0,PH153803000
Number of Evacuation Centers,0,PH153805000
Number of Evacuation Centers,0,PH153806000
Number of Evacuation Centers,0,PH153807000
Number of Evacuation Centers,0,PH153808000
Number of Evacuation Centers,0,PH153809000
Number of Evacuation Centers,0,PH153810000
Number of Evacuation Centers,0,PH153811000
Number of Evacuation Centers,0,PH153812000
Number of Evacuation Centers,0,PH153813000
Number of Evacuation Centers,0,PH153814000
Number of Evacuation Centers,0,PH153815000
Number of Evacuation Centers,0,PH153816000
Number of Evacuation Centers,0,PH153817000
Number of Evacuation Centers,0,PH153818000
Number of Evacuation Centers,0,PH153819000
Number of Evacuation Centers,0,PH153820000
Number of Evacuation Centers,0,PH153821000
Number of Evacuation Centers,0,PH153822000
Number of Evacuation Centers,0,PH153823000
Number of Evacuation Centers,0,PH153824000
Number of Evacuation Centers,0,PH153825000
Number of Evacuation Centers,0,PH153826000
Number of Evacuation Centers,0,PH153827000
Number of Evacuation Centers,0,PH153828000
Number of Evacuation Centers,0,PH153829000
Number of Evacuation Centers,0,PH153830000
Number of Evacuation Centers,0,PH153831000
Number of Evacuation Centers,0,PH153832000
Number of Evacuation Centers,0,PH153833000
Number of Evacuation Centers,0,PH153834000
Number of Evacuation Centers,0,PH153835000
Number of Evacuation Centers,0,PH153836000
Number of Evacuation Centers,0,PH153837000
Number of Evacuation Centers,0,PH156601000
Number of Evacuation Centers,0,PH156602000
Number of Evacuation Centers,0,PH156603000
Number of Evacuation Centers,0,PH156604000
Number of Evacuation Centers,0,PH156605000
Number of Evacuation Centers,0,PH156606000
Number of Evacuation Centers,0,PH156607000
Number of Evacuation Centers,0,PH156608000
Number of Evacuation Centers,0,PH156609000
Number of Evacuation Centers,0,PH156610000
Number of Evacuation Centers,0,PH156611000
Number of Evacuation Centers,0,PH156612000
Number of Evacuation Centers,0,PH156613000
Number of Evacuation Centers,0,PH156614000
Number of Evacuation Centers,0,PH156615000
Number of Evacuation Centers,0,PH156616000
Number of Evacuation Centers,0,PH156617000
Number of Evacuation Centers,0,PH156618000
Number of Evacuation Centers,0,PH156619000
Number of Evacuation Centers,0,PH157001000
Number of Evacuation Centers,0,PH157002000
Number of Evacuation Centers,0,PH157003000
Number of Evacuation Centers,0,PH157004000
Number of Evacuation Centers,0,PH157005000
Number of Evacuation Centers,0,PH157006000
Number of Evacuation Centers,0,PH157007000
Number of Evacuation Centers,0,PH157008000
Number of Evacuation Centers,0,PH157009000
Number of Evacuation Centers,0,PH157010000
Number of Evacuation Centers,0,PH157011000
Number of Evacuation Centers,8,PH160201000
Number of Evacuation Centers,14,PH160202000
Number of Evacuation Centers,84,PH160203000
Number of Evacuation Centers,16,PH160204000
Number of Evacuation Centers,20,PH160205000
Number of Evacuation Centers,21,PH160206000
Number of Evacuation Centers,1,PH160207000
Number of Evacuation Centers,11,PH160208000
Number of Evacuation Centers,2,PH160209000
Number of Evacuation Centers,2,PH160210000
Number of Evacuation Centers,34,PH160211000
Number of Evacuation Centers,2,PH160212000
Number of Evacuation Centers,2,PH160301000
Number of Evacuation Centers,4,PH160302000
Number of Evacuation Centers,5,PH160303000
Number of Evacuation Centers,2,PH160304000
Number of Evacuation Centers,2,PH160305000
Number of Evacuation Centers,13,PH160306000
Number of Evacuation Centers,32,PH160307000
Number of Evacuation Centers,6,PH160308000
Number of Evacuation Centers,10,PH160309000
Number of Evacuation Centers,17,PH160310000
Number of Evacuation Centers,18,PH160311000
Number of Evacuation Centers,9,PH160312000
Number of Evacuation Centers,3,PH160313000
Number of Evacuation Centers,4,PH160314000
Number of Evacuation Centers,11,PH166701000
Number of Evacuation Centers,18,PH166702000
Number of Evacuation Centers,1,PH166704000
Number of Evacuation Centers,1,PH166706000
Number of Evacuation Centers,10,PH166707000
Number of Evacuation Centers,11,PH166708000
Number of Evacuation Centers,0,PH166710000
Number of Evacuation Centers,7,PH166711000
Number of Evacuation Centers,19,PH166714000
Number of Evacuation Centers,15,PH166715000
Number of Evacuation Centers,6,PH166716000
Number of Evacuation Centers,19,PH166717000
Number of Evacuation Centers,5,PH166718000
Number of Evacuation Centers,0,PH166719000
Number of Evacuation Centers,26,PH166720000
Number of Evacuation Centers,0,PH166721000
Number of Evacuation Centers,3,PH166722000
Number of Evacuation Centers,46,PH166723000
Number of Evacuation Centers,16,PH166724000
Number of Evacuation Centers,4,PH166725000
Number of Evacuation Centers,6,PH166727000
Number of Evacuation Centers,5,PH166801000
Number of Evacuation Centers,9,PH166802000
Number of Evacuation Centers,20,PH166803000
Number of Evacuation Centers,14,PH166804000
Number of Evacuation Centers,4,PH166805000
Number of Evacuation Centers,9,PH166806000
Number of Evacuation Centers,1,PH166807000
Number of Evacuation Centers,23,PH166808000
Number of Evacuation Centers,191,PH166809000
Number of Evacuation Centers,2,PH166810000
Number of Evacuation Centers,4,PH166811000
Number of Evacuation Centers,33,PH166812000
Number of Evacuation Centers,30,PH166813000
Number of Evacuation Centers,6,PH166814000
Number of Evacuation Centers,1,PH166815000
Number of Evacuation Centers,4,PH166816000
Number of Evacuation Centers,1,PH166817000
Number of Evacuation Centers,2,PH166818000
Number of Evacuation Centers,3,PH166819000
Number of Evacuation Centers,1,PH168501000
Number of Evacuation Centers,14,PH168502000
Number of Evacuation Centers,12,PH168503000
Number of Evacuation Centers,180,PH168504000
Number of Evacuation Centers,15,PH168505000
Number of Evacuation Centers,6,PH168506000
Number of Evacuation Centers,6,PH168507000
Number of Evacuation Centers,31,PH174001000
Number of Evacuation Centers,2,PH174002000
Number of Evacuation Centers,11,PH174003000
Number of Evacuation Centers,4,PH174004000
Number of Evacuation Centers,53,PH174005000
Number of Evacuation Centers,18,PH174006000
Number of Evacuation Centers,1,PH175101000
Number of Evacuation Centers,7,PH175102000
Number of Evacuation Centers,16,PH175103000
Number of Evacuation Centers,15,PH175104000
Number of Evacuation Centers,5,PH175105000
Number of Evacuation Centers,1,PH175106000
Number of Evacuation Centers,17,PH175107000
Number of Evacuation Centers,1,PH175108000
Number of Evacuation Centers,14,PH175109000
Number of Evacuation Centers,6,PH175110000
Number of Evacuation Centers,1,PH175111000
Number of Evacuation Centers,7,PH175201000
Number of Evacuation Centers,6,PH175202000
Number of Evacuation Centers,127,PH175203000
Number of Evacuation Centers,17,PH175204000
Number of Evacuation Centers,9,PH175205000
Number of Evacuation Centers,27,PH175206000
Number of Evacuation Centers,4,PH175207000
Number of Evacuation Centers,201,PH175208000
Number of Evacuation Centers,36,PH175209000
Number of Evacuation Centers,24,PH175210000
Number of Evacuation Centers,2,PH175211000
Number of Evacuation Centers,3,PH175212000
Number of Evacuation Centers,36,PH175213000
Number of Evacuation Centers,64,PH175214000
Number of Evacuation Centers,16,PH175215000
Number of Evacuation Centers,5,PH175301000
Number of Evacuation Centers,11,PH175302000
Number of Evacuation Centers,20,PH175303000
Number of Evacuation Centers,9,PH175304000
Number of Evacuation Centers,10,PH175305000
Number of Evacuation Centers,9,PH175306000
Number of Evacuation Centers,31,PH175307000
Number of Evacuation Centers,21,PH175308000
Number of Evacuation Centers,3,PH175309000
Number of Evacuation Centers,26,PH175310000
Number of Evacuation Centers,16,PH175311000
Number of Evacuation Centers,19,PH175312000
Number of Evacuation Centers,14,PH175313000
Number of Evacuation Centers,19,PH175314000
Number of Evacuation Centers,23,PH175315000
Number of Evacuation Centers,1,PH175316000
Number of Evacuation Centers,38,PH175317000
Number of Evacuation Centers,39,PH175318000
Number of Evacuation Centers,19,PH175319000
Number of Evacuation Centers,23,PH175320000
Number of Evacuation Centers,1,PH175321000
Number of Evacuation Centers,19,PH175322000
Number of Evacuation Centers,15,PH175323000
Number of Evacuation Centers,10,PH175324000
Number of Evacuation Centers,3,PH175901000
Number of Evacuation Centers,1,PH175902000
Number of Evacuation Centers,9,PH175903000
Number of Evacuation Centers,12,PH175904000
Number of Evacuation Centers,8,PH175905000
Number of Evacuation Centers,25,PH175906000
Number of Evacuation Centers,34,PH175907000
Number of Evacuation Centers,1,PH175908000
Number of Evacuation Centers,23,PH175909000
Number of Evacuation Centers,23,PH175910000
Number of Evacuation Centers,3,PH175911000
Number of Evacuation Centers,13,PH175912000
Number of Evacuation Centers,34,PH175913000
Number of Evacuation Centers,15,PH175914000
Number of Evacuation Centers,60,PH175915000
Number of Evacuation Centers,6,PH175916000
Number of Evacuation Centers,19,PH175917000
Number of Evacuation Centers,60,PH064501000
Number of Evacuation Centers,61,PH064502000
Number of Evacuation Centers,25,PH064503000
Number of Evacuation Centers,65,PH064504000
Number of Evacuation Centers,4,PH064505000
Number of Evacuation Centers,12,PH064506000
Number of Evacuation Centers,5,PH064507000
Number of Evacuation Centers,19,PH064508000
Number of Evacuation Centers,39,PH064509000
Number of Evacuation Centers,2,PH064510000
Number of Evacuation Centers,10,PH064511000
Number of Evacuation Centers,20,PH064512000
Number of Evacuation Centers,1,PH064513000
Number of Evacuation Centers,4,PH064514000
Number of Evacuation Centers,6,PH064515000
Number of Evacuation Centers,1,PH064516000
Number of Evacuation Centers,31,PH064517000
Number of Evacuation Centers,7,PH064518000
Number of Evacuation Centers,28,PH064519000
Number of Evacuation Centers,5,PH064520000
Number of Evacuation Centers,19,PH064521000
Number of Evacuation Centers,16,PH064522000
Number of Evacuation Centers,5,PH064523000
Number of Evacuation Centers,6,PH064524000
Number of Evacuation Centers,34,PH064525000
Number of Evacuation Centers,14,PH064526000
Number of Evacuation Centers,7,PH064527000
Number of Evacuation Centers,7,PH064528000
Number of Evacuation Centers,3,PH064529000
Number of Evacuation Centers,12,PH064530000
Number of Evacuation Centers,8,PH064531000
Number of Evacuation Centers,38,PH064532000
Number of Evacuation Centers,9,PH074601000
Number of Evacuation Centers,1,PH074602000
Number of Evacuation Centers,14,PH074603000
Number of Evacuation Centers,8,PH074604000
Number of Evacuation Centers,1,PH074605000
Number of Evacuation Centers,23,PH074606000
Number of Evacuation Centers,20,PH074607000
Number of Evacuation Centers,16,PH074608000
Number of Evacuation Centers,20,PH074609000
Number of Evacuation Centers,1,PH074610000
Number of Evacuation Centers,1,PH074611000
Number of Evacuation Centers,19,PH074612000
Number of Evacuation Centers,6,PH074613000
Number of Evacuation Centers,16,PH074614000
Number of Evacuation Centers,35,PH074615000
Number of Evacuation Centers,1,PH074616000
Number of Evacuation Centers,1,PH074617000
Number of Evacuation Centers,22,PH074618000
Number of Evacuation Centers,5,PH074619000
Number of Evacuation Centers,3,PH074620000
Number of Evacuation Centers,3,PH074621000
Number of Evacuation Centers,10,PH074622000
Number of Evacuation Centers,28,PH074623000
Number of Evacuation Centers,20,PH074624000
Number of Evacuation Centers,7,PH074625000
