"Agricultural Wage Rates of Farm Workers by Type of Wages, Type of Farm Workers, Geolocation, Year and Sex"

"Type of Wages","Type of Farm Workers","Geolocation","1975 ..Male","1975 ..Female","1976 ..Male","1976 ..Female","1977 ..Male","1977 ..Female","1978 ..Male","1978 ..Female","1979 ..Male","1979 ..Female","1980 ..Male","1980 ..Female","1981 ..Male","1981 ..Female","1982 ..Male","1982 ..Female","1983 ..Male","1983 ..Female","1984 ..Male","1984 ..Female","1985 ..Male","1985 ..Female","1986 ..Male","1986 ..Female","1987 ..Male","1987 ..Female","1988 ..Male","1988 ..Female","1989 ..Male","1989 ..Female","1990 ..Male","1990 ..Female","1991 ..Male","1991 ..Female","1992 ..Male","1992 ..Female","1993 ..Male","1993 ..Female","1994 ..Male","1994 ..Female","1995 ..Male","1995 ..Female","1996 ..Male","1996 ..Female","1997 ..Male","1997 ..Female","1998 ..Male","1998 ..Female","1999 ..Male","1999 ..Female","2000 ..Male","2000 ..Female","2001 ..Male","2001 ..Female","2002 ..Male","2002 ..Female","2003 ..Male","2003 ..Female","2004 ..Male","2004 ..Female","2005 ..Male","2005 ..Female","2006 ..Male","2006 ..Female","2007 ..Male","2007 ..Female","2008 ..Male","2008 ..Female","2009 ..Male","2009 ..Female","2010 ..Male","2010 ..Female","2011 ..Male","2011 ..Female","2012 ..Male","2012 ..Female","2013 ..Male","2013 ..Female","2014 ..Male","2014 ..Female","2015 ..Male","2015 ..Female","2016 ..Male","2016 ..Female","2017 ..Male","2017 ..Female","2018 ..Male","2018 ..Female","2019 ..Male","2019 ..Female"
"Nominal Wage Rate","..Palay Workers","..Cordillera Administrative Region (CAR)",.,.,.,.,.,.,.,.,.,.,.,.,.,.,.,.,.,.,.,.,.,.,.,.,.,.,.,.,.,.,.,.,.,.,.,.,.,.,92.74,80.37,112.11,92.73,123.90,110.38,125.75,111.24,154.49,118.90,156.94,122.32,175.02,129.59,173.31,137.30,172.95,139.66,163.04,144.93,168.03,145.25,176.02,156.17,176.72,157.47,176.61,166.51,201.66,195.27,211.95,199.87,214.04,203.00,223.91,217.12,233.97,220.74,263.13,249.44,278.36,263.49,284.22,268.90,292.13,272.14,277.42,263.26,309.87,290.08,317.54,297.57
"Nominal Wage Rate","..Palay Workers","..Region I (Ilocos Region)",.,.,.,.,.,.,.,.,.,.,.,.,.,.,.,.,.,.,.,.,.,.,.,.,.,.,.,.,.,.,.,.,.,.,.,.,.,.,94.88,85.79,110.85,103.16,130.72,119.29,133.22,124.72,148.83,126.64,164.30,135.92,168.72,144.98,169.54,144.92,170.02,150.99,175.25,154.99,180.26,164.00,189.31,162.27,192.89,178.28,212.14,190.56,246.99,227.30,255.46,237.35,265.96,247.57,278.98,249.39,293.13,272.62,301.94,282.54,324.79,300.93,342.57,323.73,341.51,330.14,316.92,313.04,362.29,339.53,368.53,348.62
"Nominal Wage Rate","..Palay Workers","..Region II (Cagayan Valley)",.,.,.,.,.,.,.,.,.,.,.,.,.,.,.,.,.,.,.,.,.,.,.,.,.,.,.,.,.,.,.,.,.,.,.,.,.,.,96.12,83.11,106.53,90.21,114.26,96.89,123.53,105.53,136.60,117.18,147.98,119.99,152.06,123.26,151.63,132.36,154.30,138.96,158.01,136.25,166.61,143.11,172.39,157.42,178.81,176.71,193.91,189.27,228.71,220.36,232.03,226.03,233.34,226.97,256.85,249.65,282.41,278.34,319.16,290.31,361.31,331.13,389.37,350.79,403.28,366.10,326.71,311.13,321.77,311.75,384.42,367.60
"Nominal Wage Rate","..Palay Workers","..Region III (Central Luzon)",.,.,.,.,.,.,.,.,.,.,.,.,.,.,.,.,.,.,.,.,.,.,.,.,.,.,.,.,.,.,.,.,.,.,.,.,.,.,100.18,84.82,119.10,100.74,142.61,111.40,172.37,123.72,186.80,150.42,200.32,152.47,201.36,159.57,208.75,159.00,200.17,170.07,203.29,169.39,211.76,163.92,225.22,181.62,228.55,187.24,241.81,205.35,264.13,226.89,280.37,238.99,294.23,243.51,302.70,257.23,315.69,263.88,357.45,316.14,375.26,332.32,386.90,367.35,395.09,365.94,370.82,317.67,352.40,304.89,353.45,352.80
"Nominal Wage Rate","..Palay Workers","..Southern Tagalog",.,.,.,.,.,.,.,.,.,.,.,.,.,.,.,.,.,.,.,.,.,.,.,.,.,.,.,.,.,.,.,.,.,.,.,.,.,.,104.25,85.84,116.11,99.35,128.89,105.03,156.24,135.22,158.34,142.11,160.26,141.59,171.99,142.90,173.02,145.90,.,.,.,.,.,.,.,.,.,.,.,.,.,.,.,.,.,.,.,.,.,.,.,.,.,.,.,.,.,.,.,.,.,.,.,.
"Nominal Wage Rate","..Palay Workers","..Region IV-A (CALABARZON)",.,.,.,.,.,.,.,.,.,.,.,.,.,.,.,.,.,.,.,.,.,.,.,.,.,.,.,.,.,.,.,.,.,.,.,.,.,.,.,.,.,.,.,.,.,.,.,.,.,.,.,.,.,.,171.66,158.47,177.54,161.57,194.84,178.21,197.81,179.72,208.28,193.63,228.09,222.50,255.96,243.55,264.49,254.00,288.40,258.34,297.21,277.71,304.79,299.31,311.09,309.22,328.80,326.66,340.06,336.54,341.85,337.75,392.94,361.36,396.36,397.04,423.69,410.20
"Nominal Wage Rate","..Palay Workers","..MIMAROPA Region",.,.,.,.,.,.,.,.,.,.,.,.,.,.,.,.,.,.,.,.,.,.,.,.,.,.,.,.,.,.,.,.,.,.,.,.,.,.,.,.,.,.,.,.,.,.,.,.,.,.,.,.,.,.,159.84,139.31,156.75,148.27,156.58,145.28,166.68,152.06,188.64,166.94,194.20,187.82,225.26,206.81,235.12,213.53,253.84,224.25,259.91,229.81,262.96,233.90,278.71,245.82,293.65,260.52,300.30,266.68,304.69,267.70,321.84,249.67,409.86,262.87,422.93,307.46
"Nominal Wage Rate","..Palay Workers","..Region V (Bicol Region)",.,.,.,.,.,.,.,.,.,.,.,.,.,.,.,.,.,.,.,.,.,.,.,.,.,.,.,.,.,.,.,.,.,.,.,.,.,.,83.54,62.83,99.88,71.49,103.15,90.43,115.18,105.57,123.95,107.84,126.84,103.69,137.18,111.01,138.09,117.66,141.15,121.09,143.74,129.25,144.18,129.38,154.01,133.97,159.77,151.86,174.85,161.25,199.60,193.39,201.99,198.53,209.99,201.26,225.99,212.22,228.05,220.72,248.92,232.99,265.30,245.49,276.63,252.97,277.58,253.56,280.27,259.57,321.51,289.66,328.95,305.15
"Nominal Wage Rate","..Palay Workers","..Region VI (Western Visayas)",.,.,.,.,.,.,.,.,.,.,.,.,.,.,.,.,.,.,.,.,.,.,.,.,.,.,.,.,.,.,.,.,.,.,.,.,.,.,82.77,65.45,100.43,84.05,107.94,90.25,125.97,104.80,131.48,103.22,145.09,112.44,151.05,120.40,155.12,119.94,151.73,117.84,146.73,128.66,155.06,130.63,161.83,134.55,166.42,146.22,169.60,159.43,194.34,175.74,197.90,186.33,208.17,198.51,214.49,206.72,218.47,207.78,231.13,222.74,246.22,236.42,258.60,242.03,260.25,245.82,284.15,253.60,307.54,282.14,310.94,300.74
"Nominal Wage Rate","..Palay Workers","..Region VII (Central Visayas)",.,.,.,.,.,.,.,.,.,.,.,.,.,.,.,.,.,.,.,.,.,.,.,.,.,.,.,.,.,.,.,.,.,.,.,.,.,.,70.18,65.35,80.15,74.59,80.92,78.86,87.84,85.23,96.64,87.01,89.31,80.59,93.98,89.55,98.80,94.02,106.02,102.75,114.50,106.15,117.63,112.78,121.02,113.67,133.17,122.02,146.36,144.10,161.20,153.99,166.66,158.63,177.43,166.37,185.30,176.06,190.73,179.12,216.78,206.97,227.61,219.21,238.70,226.42,238.53,233.27,249.57,238.29,278.52,252.94,309.09,254.45
"Nominal Wage Rate","..Palay Workers","..Region VIII (Eastern Visayas)",.,.,.,.,.,.,.,.,.,.,.,.,.,.,.,.,.,.,.,.,.,.,.,.,.,.,.,.,.,.,.,.,.,.,.,.,.,.,74.07,66.12,82.46,75.72,96.23,87.93,101.27,84.99,120.09,91.57,122.29,98.96,126.31,106.13,128.08,109.67,129.96,110.73,128.69,120.91,130.56,123.51,136.66,128.26,142.36,136.73,155.79,157.33,167.41,164.12,168.10,164.58,176.43,168.11,184.84,173.70,187.82,180.51,195.92,192.26,214.85,211.34,237.75,231.66,248.17,244.05,266.32,218.11,284.20,263.75,317.01,310.39
"Nominal Wage Rate","..Palay Workers","..Western Mindanao",.,.,.,.,.,.,.,.,.,.,.,.,.,.,.,.,.,.,.,.,.,.,.,.,.,.,.,.,.,.,.,.,.,.,.,.,.,.,78.89,77.94,88.46,87.23,94.77,96.04,104.75,112.95,110.08,116.71,122.00,118.84,120.32,113.00,124.49,118.62,.,.,.,.,.,.,.,.,.,.,.,.,.,.,.,.,.,.,.,.,.,.,.,.,.,.,.,.,.,.,.,.,.,.,.,.
"Nominal Wage Rate","..Palay Workers","..Region IX (Zamboanga Peninsula)",.,.,.,.,.,.,.,.,.,.,.,.,.,.,.,.,.,.,.,.,.,.,.,.,.,.,.,.,.,.,.,.,.,.,.,.,.,.,.,.,.,.,.,.,.,.,.,.,.,.,.,.,.,.,130.69,124.17,134.71,122.38,134.64,125.11,143.82,133.72,155.18,148.13,170.37,166.80,184.42,178.94,195.46,191.86,203.67,198.39,221.80,218.06,235.43,229.70,242.53,235.05,254.16,246.14,273.06,263.25,275.28,264.76,271.78,273.63,300.65,293.35,334.05,300.41
"Nominal Wage Rate","..Palay Workers","..Region X (Northern Mindanao)",.,.,.,.,.,.,.,.,.,.,.,.,.,.,.,.,.,.,.,.,.,.,.,.,.,.,.,.,.,.,.,.,.,.,.,.,.,.,86.52,83.59,96.37,91.10,104.33,113.16,142.00,149.67,150.42,139.28,149.98,152.17,146.58,141.01,148.48,142.57,155.14,139.31,153.41,142.12,153.62,141.44,154.50,145.94,162.36,160.62,177.81,175.99,207.36,201.41,209.25,203.42,212.36,208.32,225.09,226.57,234.34,220.45,242.70,228.70,266.05,250.08,284.30,265.96,288.23,271.39,302.26,282.90,315.95,285.12,345.07,328.06
"Nominal Wage Rate","..Palay Workers","..Southern Mindanao",.,.,.,.,.,.,.,.,.,.,.,.,.,.,.,.,.,.,.,.,.,.,.,.,.,.,.,.,.,.,.,.,.,.,.,.,.,.,88.82,80.64,99.11,88.79,105.01,89.86,107.90,104.04,110.22,107.33,108.69,120.46,112.24,116.26,117.80,118.64,.,.,.,.,.,.,.,.,.,.,.,.,.,.,.,.,.,.,.,.,.,.,.,.,.,.,.,.,.,.,.,.,.,.,.,.
"Nominal Wage Rate","..Palay Workers","..Region XI (Davao Region)",.,.,.,.,.,.,.,.,.,.,.,.,.,.,.,.,.,.,.,.,.,.,.,.,.,.,.,.,.,.,.,.,.,.,.,.,.,.,.,.,.,.,.,.,.,.,.,.,.,.,.,.,.,.,129.68,114.71,139.84,130.71,144.36,135.20,165.13,142.68,169.49,160.45,177.89,175.17,192.53,190.69,202.13,195.66,211.98,211.55,233.98,228.64,245.19,241.37,255.20,237.39,275.83,264.27,293.18,285.53,316.64,291.65,330.65,280.24,335.45,315.05,371.19,340.70
"Nominal Wage Rate","..Palay Workers","..Central Mindanao",.,.,.,.,.,.,.,.,.,.,.,.,.,.,.,.,.,.,.,.,.,.,.,.,.,.,.,.,.,.,.,.,.,.,.,.,.,.,88.17,78.23,106.61,99.36,124.59,108.23,138.88,134.25,144.18,131.22,140.83,131.36,142.54,129.19,144.74,132.79,.,.,.,.,.,.,.,.,.,.,.,.,.,.,.,.,.,.,.,.,.,.,.,.,.,.,.,.,.,.,.,.,.,.,.,.
"Nominal Wage Rate","..Palay Workers","..Region XII (SOCCSKSARGEN)",.,.,.,.,.,.,.,.,.,.,.,.,.,.,.,.,.,.,.,.,.,.,.,.,.,.,.,.,.,.,.,.,.,.,.,.,.,.,.,.,.,.,.,.,.,.,.,.,.,.,.,.,.,.,169.68,147.80,157.67,151.16,157.19,150.69,159.78,148.74,163.65,157.59,178.18,166.32,198.55,182.32,206.50,193.80,222.13,209.84,241.16,230.91,256.61,244.39,272.68,236.44,292.04,262.20,310.95,275.83,313.37,278.42,288.71,260.98,336.80,296.33,370.24,321.00
"Nominal Wage Rate","..Palay Workers","..Region XIII (Caraga)",.,.,.,.,.,.,.,.,.,.,.,.,.,.,.,.,.,.,.,.,.,.,.,.,.,.,.,.,.,.,.,.,.,.,.,.,.,.,86.72,81.27,100.71,89.44,101.85,93.47,106.37,120.12,122.64,117.97,120.92,108.38,130.12,116.46,135.70,119.55,136.80,122.29,141.02,135.43,150.65,142.68,162.86,151.35,171.63,156.81,171.96,165.66,191.23,184.47,211.56,204.77,234.58,224.07,253.18,239.83,259.95,243.72,277.72,264.69,301.91,288.72,325.15,314.91,326.37,315.63,351.15,360.31,353.94,356.53,356.25,356.70
"Nominal Wage Rate","..Palay Workers","..Autonomous Region in Muslim Mindanao (ARMM)",.,.,.,.,.,.,.,.,.,.,.,.,.,.,.,.,.,.,.,.,.,.,.,.,.,.,.,.,.,.,.,.,.,.,.,.,.,.,82.67,78.33,103.40,96.72,119.73,111.30,122.69,113.93,136.51,108.68,139.14,117.15,131.10,117.99,132.97,121.85,142.90,124.72,152.59,136.93,166.18,151.16,176.82,159.79,182.80,164.82,177.11,176.65,199.79,197.53,207.98,206.20,219.19,217.31,241.07,238.98,249.46,245.14,256.43,254.19,273.54,272.01,289.04,283.31,293.50,298.21,260.68,289.64,264.12,268.70,270.46,301.78
"Nominal Wage Rate","..Corn Workers","..Cordillera Administrative Region (CAR)",.,.,.,.,.,.,.,.,.,.,.,.,.,.,.,.,.,.,.,.,.,.,.,.,.,.,.,.,.,.,.,.,.,.,.,.,.,.,83.46,72.44,90.55,83.42,103.24,99.00,117.23,111.27,126.63,116.25,144.87,119.59,145.64,120.85,143.21,116.69,165.21,126.00,156.62,139.74,156.37,143.36,173.69,146.25,177.12,154.89,182.68,170.20,203.52,191.75,219.71,214.62,225.12,218.27,233.23,228.13,246.75,242.24,252.84,247.98,284.56,260.03,304.41,273.98,285.00,266.25,251.16,225.59,284.49,244.61,294.84,256.10
"Nominal Wage Rate","..Corn Workers","..Region I (Ilocos Region)",.,.,.,.,.,.,.,.,.,.,.,.,.,.,.,.,.,.,.,.,.,.,.,.,.,.,.,.,.,.,.,.,.,.,.,.,.,.,82.20,75.82,95.84,81.98,104.99,94.49,108.98,96.89,114.48,102.98,134.18,125.04,132.42,125.19,133.39,122.66,128.75,117.14,136.81,122.16,146.24,134.04,162.25,141.79,166.32,153.14,175.17,164.85,189.46,186.32,204.47,197.05,219.52,197.35,226.00,214.11,227.33,213.75,262.44,240.08,273.85,244.33,279.65,253.95,281.32,268.23,291.95,240.79,307.22,257.75,317.44,299.44
"Nominal Wage Rate","..Corn Workers","..Region II (Cagayan Valley)",.,.,.,.,.,.,.,.,.,.,.,.,.,.,.,.,.,.,.,.,.,.,.,.,.,.,.,.,.,.,.,.,.,.,.,.,.,.,87.29,64.91,93.69,73.69,93.81,82.45,101.65,77.52,97.42,82.09,122.53,99.28,121.22,108.80,125.09,107.51,118.37,105.00,132.75,117.32,139.39,128.01,147.20,132.88,154.52,146.84,162.27,157.62,187.29,185.11,189.99,186.36,198.53,195.42,218.61,211.16,223.69,221.38,258.69,240.45,276.59,272.34,288.54,279.01,283.46,280.67,229.28,204.33,262.86,250.00,317.68,300.22
"Nominal Wage Rate","..Corn Workers","..Region III (Central Luzon)",.,.,.,.,.,.,.,.,.,.,.,.,.,.,.,.,.,.,.,.,.,.,.,.,.,.,.,.,.,.,.,.,.,.,.,.,.,.,92.73,70.93,102.77,75.28,102.63,69.00,133.43,80.84,147.95,95.02,157.84,102.50,145.64,109.29,147.30,118.71,164.07,112.95,161.31,134.58,170.30,147.60,177.39,168.98,189.00,191.15,206.38,206.87,229.03,219.85,231.96,235.59,237.61,242.50,254.62,..,276.40,..,325.87,..,341.87,..,373.75,230.32,306.41,283.36,321.01,300.08,316.66,288.03,350.94,305.65
"Nominal Wage Rate","..Corn Workers","..Southern Tagalog",.,.,.,.,.,.,.,.,.,.,.,.,.,.,.,.,.,.,.,.,.,.,.,.,.,.,.,.,.,.,.,.,.,.,.,.,.,.,95.99,77.30,109.24,83.50,126.65,94.75,130.59,109.17,133.79,117.69,134.22,119.08,133.66,121.12,134.50,115.12,.,.,.,.,.,.,.,.,.,.,.,.,.,.,.,.,.,.,.,.,.,.,.,.,.,.,.,.,.,.,.,.,.,.,.,.
"Nominal Wage Rate","..Corn Workers","..Region IV-A (CALABARZON)",.,.,.,.,.,.,.,.,.,.,.,.,.,.,.,.,.,.,.,.,.,.,.,.,.,.,.,.,.,.,.,.,.,.,.,.,.,.,.,.,.,.,.,.,.,.,.,.,.,.,.,.,.,.,144.62,100.06,147.81,..,170.30,119.96,176.11,..,182.02,153.85,184.53,..,198.03,179.62,213.72,216.50,215.79,201.84,230.74,215.00,231.19,..,252.82,225.94,292.92,258.13,301.17,264.81,302.36,292.18,330.01,318.42,357.54,361.63,391.97,384.55
"Nominal Wage Rate","..Corn Workers","..MIMAROPA Region",.,.,.,.,.,.,.,.,.,.,.,.,.,.,.,.,.,.,.,.,.,.,.,.,.,.,.,.,.,.,.,.,.,.,.,.,.,.,.,.,.,.,.,.,.,.,.,.,.,.,.,.,.,.,103.65,95.15,121.64,105.27,141.42,112.97,156.25,121.78,162.05,130.49,165.27,154.31,180.45,173.50,196.50,184.46,207.22,199.18,215.81,205.37,219.56,199.03,242.58,199.29,247.00,226.31,259.72,230.21,262.23,237.08,235.17,229.50,254.58,245.29,305.15,274.23
"Nominal Wage Rate","..Corn Workers","..Region V (Bicol Region)",.,.,.,.,.,.,.,.,.,.,.,.,.,.,.,.,.,.,.,.,.,.,.,.,.,.,.,.,.,.,.,.,.,.,.,.,.,.,72.01,60.18,79.54,67.87,87.00,75.42,85.72,77.78,90.17,81.30,118.29,89.23,115.89,89.60,118.48,90.16,116.19,82.58,117.36,96.85,118.88,101.95,126.73,116.36,138.14,131.13,141.96,136.80,153.22,151.55,157.63,156.16,160.35,156.61,172.87,166.95,175.47,169.49,207.99,195.89,217.93,210.98,233.59,218.70,248.77,234.99,249.73,227.80,276.79,249.44,301.38,260.21
"Nominal Wage Rate","..Corn Workers","..Region VI (Western Visayas)",.,.,.,.,.,.,.,.,.,.,.,.,.,.,.,.,.,.,.,.,.,.,.,.,.,.,.,.,.,.,.,.,.,.,.,.,.,.,69.75,55.00,84.99,66.89,91.32,73.52,95.26,76.77,92.40,78.76,108.92,86.80,106.49,91.73,110.48,88.52,116.52,95.02,124.62,104.72,130.13,110.58,140.12,125.74,150.95,138.27,158.08,151.36,169.07,164.87,171.00,169.76,172.40,175.48,182.75,179.94,184.50,181.83,203.97,196.21,215.49,204.81,219.75,210.02,221.93,225.98,270.80,222.87,277.17,236.20,280.14,263.60
"Nominal Wage Rate","..Corn Workers","..Region VII (Central Visayas)",.,.,.,.,.,.,.,.,.,.,.,.,.,.,.,.,.,.,.,.,.,.,.,.,.,.,.,.,.,.,.,.,.,.,.,.,.,.,64.80,59.58,77.07,67.81,75.53,81.33,78.29,85.04,84.46,81.44,95.96,87.35,99.21,87.24,99.91,87.40,102.25,85.54,107.17,91.44,118.73,108.53,127.70,125.82,138.87,131.15,141.25,138.79,147.68,143.75,150.39,147.79,155.98,150.13,170.02,160.53,175.05,165.74,177.82,173.03,191.17,189.96,211.59,195.45,219.52,203.41,228.49,225.86,261.89,228.02,271.37,242.16
"Nominal Wage Rate","..Corn Workers","..Region VIII (Eastern Visayas)",.,.,.,.,.,.,.,.,.,.,.,.,.,.,.,.,.,.,.,.,.,.,.,.,.,.,.,.,.,.,.,.,.,.,.,.,.,.,65.99,60.38,72.95,69.65,81.72,72.46,85.03,77.62,94.82,75.87,95.13,82.01,96.76,90.92,100.69,90.05,96.39,89.63,102.98,90.03,123.18,99.98,129.97,113.97,135.50,123.79,136.22,131.78,141.69,139.92,144.27,143.08,149.60,147.88,164.99,159.29,167.56,160.73,181.37,167.13,192.84,183.18,247.76,214.82,244.07,223.65,224.36,217.00,233.92,264.15,282.61,274.85
"Nominal Wage Rate","..Corn Workers","..Western Mindanao",.,.,.,.,.,.,.,.,.,.,.,.,.,.,.,.,.,.,.,.,.,.,.,.,.,.,.,.,.,.,.,.,.,.,.,.,.,.,74.97,67.94,81.83,75.28,82.87,85.77,89.59,82.79,96.75,97.75,121.22,90.81,118.39,90.01,119.08,90.75,.,.,.,.,.,.,.,.,.,.,.,.,.,.,.,.,.,.,.,.,.,.,.,.,.,.,.,.,.,.,.,.,.,.,.,.
"Nominal Wage Rate","..Corn Workers","..Region IX (Zamboanga Peninsula)",.,.,.,.,.,.,.,.,.,.,.,.,.,.,.,.,.,.,.,.,.,.,.,.,.,.,.,.,.,.,.,.,.,.,.,.,.,.,.,.,.,.,.,.,.,.,.,.,.,.,.,.,.,.,113.88,91.70,115.44,103.39,127.65,116.91,134.16,124.26,139.58,135.62,146.16,144.73,150.99,148.80,152.56,151.30,155.56,157.46,173.87,168.16,181.93,174.46,198.46,184.71,213.03,187.95,219.05,207.56,220.96,209.91,213.96,210.78,247.59,220.55,253.46,239.13
"Nominal Wage Rate","..Corn Workers","..Region X (Northern Mindanao)",.,.,.,.,.,.,.,.,.,.,.,.,.,.,.,.,.,.,.,.,.,.,.,.,.,.,.,.,.,.,.,.,.,.,.,.,.,.,81.01,77.37,89.82,85.84,95.27,84.62,102.45,85.94,104.41,95.34,120.51,105.08,118.39,103.90,117.81,100.75,117.63,106.93,121.14,114.54,129.59,123.03,139.17,142.07,146.71,144.01,153.36,150.98,170.71,164.69,173.51,165.47,174.29,165.99,183.09,177.47,184.95,180.35,191.77,186.62,196.59,192.15,200.89,196.23,203.07,200.92,219.54,230.95,224.82,223.16,252.76,252.37
"Nominal Wage Rate","..Corn Workers","..Southern Mindanao",.,.,.,.,.,.,.,.,.,.,.,.,.,.,.,.,.,.,.,.,.,.,.,.,.,.,.,.,.,.,.,.,.,.,.,.,.,.,75.21,71.96,88.78,82.09,81.97,78.14,84.62,84.71,91.62,82.66,114.17,95.40,108.96,88.78,108.15,90.74,.,.,.,.,.,.,.,.,.,.,.,.,.,.,.,.,.,.,.,.,.,.,.,.,.,.,.,.,.,.,.,.,.,.,.,.
"Nominal Wage Rate","..Corn Workers","..Region XI (Davao Region)",.,.,.,.,.,.,.,.,.,.,.,.,.,.,.,.,.,.,.,.,.,.,.,.,.,.,.,.,.,.,.,.,.,.,.,.,.,.,.,.,.,.,.,.,.,.,.,.,.,.,.,.,.,.,109.53,95.42,112.36,104.02,125.76,122.18,136.65,130.90,141.60,137.20,143.36,142.83,155.17,152.58,155.99,152.99,160.55,154.80,170.87,165.74,176.42,168.84,179.26,167.38,189.98,181.08,199.46,184.16,206.82,198.02,243.84,247.71,257.89,257.65,296.38,293.82
"Nominal Wage Rate","..Corn Workers","..Central Mindanao",.,.,.,.,.,.,.,.,.,.,.,.,.,.,.,.,.,.,.,.,.,.,.,.,.,.,.,.,.,.,.,.,.,.,.,.,.,.,91.19,77.28,111.48,83.35,105.89,72.45,107.78,88.14,116.95,87.14,134.48,108.52,123.81,99.40,124.23,100.53,.,.,.,.,.,.,.,.,.,.,.,.,.,.,.,.,.,.,.,.,.,.,.,.,.,.,.,.,.,.,.,.,.,.,.,.
"Nominal Wage Rate","..Corn Workers","..Region XII (SOCCSKSARGEN)",.,.,.,.,.,.,.,.,.,.,.,.,.,.,.,.,.,.,.,.,.,.,.,.,.,.,.,.,.,.,.,.,.,.,.,.,.,.,.,.,.,.,.,.,.,.,.,.,.,.,.,.,.,.,133.78,107.33,127.05,112.84,133.17,117.90,138.70,129.60,141.42,135.04,142.00,136.72,150.50,145.59,154.14,151.51,159.77,156.87,175.64,167.47,179.39,174.60,193.08,195.94,213.70,206.68,218.78,217.43,223.13,217.58,217.03,207.26,239.69,227.81,260.18,240.87
"Nominal Wage Rate","..Corn Workers","..Region XIII (Caraga)",.,.,.,.,.,.,.,.,.,.,.,.,.,.,.,.,.,.,.,.,.,.,.,.,.,.,.,.,.,.,.,.,.,.,.,.,.,.,77.78,67.56,91.85,82.51,93.66,84.70,90.69,89.14,108.39,95.05,118.27,115.16,128.44,111.05,130.45,113.10,139.96,117.24,138.76,122.67,148.71,135.04,154.81,145.51,156.61,148.34,157.41,149.21,173.61,165.40,176.98,169.49,186.52,181.69,193.79,188.52,207.88,203.88,233.93,219.12,259.54,242.09,271.45,258.79,266.63,246.32,254.97,249.43,299.81,281.59,307.20,306.53
"Nominal Wage Rate","..Corn Workers","..Autonomous Region in Muslim Mindanao (ARMM)",.,.,.,.,.,.,.,.,.,.,.,.,.,.,.,.,.,.,.,.,.,.,.,.,.,.,.,.,.,.,.,.,.,.,.,.,.,.,75.46,75.83,95.56,92.47,106.70,86.32,118.52,106.25,124.21,117.91,147.65,139.48,138.10,112.07,139.08,113.69,135.42,109.47,138.45,123.01,156.56,145.00,163.54,155.00,165.42,158.24,165.92,160.54,176.50,172.82,187.73,190.18,190.50,194.12,205.98,203.48,209.09,206.03,224.78,215.22,241.05,224.25,256.92,237.99,249.72,237.42,230.64,240.81,240.83,232.52,243.86,248.95
"Nominal Wage Rate","..Coconut Workers","..Cordillera Administrative Region (CAR)",.,.,.,.,.,.,.,.,.,.,.,.,.,.,.,.,.,.,.,.,.,.,.,.,.,.,.,.,.,.,.,.,.,.,.,.,.,.,.,.,.,.,.,.,.,.,.,.,.,.,.,.,.,.,.,.,.,.,.,.,.,.,.,.,.,.,.,.,.,.,.,.,.,.,.,.,.,.,.,.,.,.,.,.,.,.,.,.,.,.
"Nominal Wage Rate","..Coconut Workers","..Region I (Ilocos Region)",.,.,.,.,.,.,.,.,.,.,.,.,.,.,.,.,.,.,.,.,.,.,.,.,.,.,.,.,.,.,.,.,.,.,.,.,.,.,100.86,90.80,105.94,94.35,116.54,..,124.00,100.85,130.00,..,152.86,..,167.41,100.00,168.38,..,172.68,..,162.76,..,164.16,..,180.17,..,185.55,..,185.79,..,214.57,..,215.13,..,217.73,..,221.40,..,254.15,..,328.73,..,329.36,..,336.18,..,337.58,..,274.69,..,267.49,..,345.88,..
"Nominal Wage Rate","..Coconut Workers","..Region II (Cagayan Valley)",.,.,.,.,.,.,.,.,.,.,.,.,.,.,.,.,.,.,.,.,.,.,.,.,.,.,.,.,.,.,.,.,.,.,.,.,.,.,.,.,.,.,.,.,.,.,80.81,..,100.47,..,125.86,..,130.27,..,147.79,133.33,149.47,140.31,156.36,137.65,172.33,..,175.79,..,191.84,..,192.28,182.22,193.60,..,199.20,..,201.66,..,233.29,..,274.60,210.67,278.56,223.53,280.69,..,281.95,..,386.40,..,389.76,..,443.33,..
"Nominal Wage Rate","..Coconut Workers","..Region III (Central Luzon)",.,.,.,.,.,.,.,.,.,.,.,.,.,.,.,.,.,.,.,.,.,.,.,.,.,.,.,.,.,.,.,.,.,.,.,.,.,.,95.90,..,105.33,..,123.88,..,150.00,..,153.64,..,163.50,..,162.00,..,148.57,..,166.64,..,198.75,..,201.50,..,222.72,169.49,224.62,..,242.37,..,266.40,..,266.60,..,266.62,..,267.99,..,301.40,..,310.22,..,324.55,..,345.25,..,349.33,320.00,320.53,..,317.27,..,357.79,333.33
"Nominal Wage Rate","..Coconut Workers","..Southern Tagalog",.,.,.,.,.,.,.,.,.,.,.,.,.,.,.,.,.,.,.,.,.,.,.,.,.,.,.,.,.,.,.,.,.,.,.,.,.,.,95.27,86.24,98.53,88.53,102.62,95.07,116.70,98.06,125.24,105.39,157.43,125.90,137.12,136.89,167.16,128.23,.,.,.,.,.,.,.,.,.,.,.,.,.,.,.,.,.,.,.,.,.,.,.,.,.,.,.,.,.,.,.,.,.,.,.,.
"Nominal Wage Rate","..Coconut Workers","..Region IV-A (CALABARZON)",.,.,.,.,.,.,.,.,.,.,.,.,.,.,.,.,.,.,.,.,.,.,.,.,.,.,.,.,.,.,.,.,.,.,.,.,.,.,.,.,.,.,.,.,.,.,.,.,.,.,.,.,.,.,177.56,..,192.38,..,196.21,187.91,202.35,..,203.92,..,237.08,..,243.97,..,254.57,187.32,262.19,..,267.92,242.42,276.46,246.19,307.43,300.00,308.58,..,319.75,..,320.80,..,369.99,..,372.18,..,391.18,388.24
"Nominal Wage Rate","..Coconut Workers","..MIMAROPA Region",.,.,.,.,.,.,.,.,.,.,.,.,.,.,.,.,.,.,.,.,.,.,.,.,.,.,.,.,.,.,.,.,.,.,.,.,.,.,.,.,.,.,.,.,.,.,.,.,.,.,.,.,.,.,146.47,125.22,150.12,134.48,155.43,149.71,167.75,145.39,171.49,156.26,179.75,175.13,192.52,181.36,203.82,182.41,208.39,203.98,208.73,200.34,221.98,205.22,244.44,225.00,256.93,227.85,258.45,230.32,260.39,233.65,289.14,227.90,308.95,250.76,416.62,412.10
"Nominal Wage Rate","..Coconut Workers","..Region V (Bicol Region)",.,.,.,.,.,.,.,.,.,.,.,.,.,.,.,.,.,.,.,.,.,.,.,.,.,.,.,.,.,.,.,.,.,.,.,.,.,.,85.35,79.02,96.10,83.50,87.21,74.00,103.75,85.91,114.65,80.00,120.58,80.00,115.34,90.91,131.20,86.61,137.89,100.00,131.70,105.65,134.65,98.81,143.22,..,145.54,..,151.93,..,161.59,..,161.88,..,172.74,172.00,179.80,..,197.00,..,197.22,192.00,208.11,..,224.47,..,267.70,206.52,263.90,276.47,353.77,275.57,355.21,337.79
"Nominal Wage Rate","..Coconut Workers","..Region VI (Western Visayas)",.,.,.,.,.,.,.,.,.,.,.,.,.,.,.,.,.,.,.,.,.,.,.,.,.,.,.,.,.,.,.,.,.,.,.,.,.,.,77.01,74.64,82.55,79.31,72.49,69.09,98.02,84.20,100.03,63.40,98.75,70.00,102.96,81.43,102.98,87.53,112.55,108.19,125.11,91.58,127.85,93.94,135.06,102.74,140.65,114.74,157.61,140.89,169.16,158.50,170.03,159.41,173.69,171.11,173.77,169.94,188.95,172.14,192.89,176.97,212.36,206.06,226.84,230.00,228.99,..,288.24,279.28,305.16,327.11,329.44,368.51
"Nominal Wage Rate","..Coconut Workers","..Region VII (Central Visayas)",.,.,.,.,.,.,.,.,.,.,.,.,.,.,.,.,.,.,.,.,.,.,.,.,.,.,.,.,.,.,.,.,.,.,.,.,.,.,76.71,69.32,82.29,73.45,83.06,..,120.22,85.52,118.06,99.06,118.80,85.00,121.29,99.72,125.26,85.09,127.09,104.45,129.49,106.88,132.25,95.96,133.71,104.08,140.82,120.05,158.65,144.17,160.84,148.73,163.79,154.27,167.41,164.94,179.63,169.88,180.35,..,222.48,197.01,234.02,219.26,236.39,236.36,238.63,..,250.35,205.68,279.97,211.90,290.15,289.47
"Nominal Wage Rate","..Coconut Workers","..Region VIII (Eastern Visayas)",.,.,.,.,.,.,.,.,.,.,.,.,.,.,.,.,.,.,.,.,.,.,.,.,.,.,.,.,.,.,.,.,.,.,.,.,.,.,78.60,..,87.36,70.85,90.50,..,118.49,..,107.98,..,116.79,..,117.98,..,118.40,..,119.53,..,124.63,..,133.66,94.71,140.21,106.93,142.90,117.14,164.73,..,167.10,..,167.39,..,177.47,..,184.24,166.67,198.61,169.01,212.47,201.68,235.16,233.75,238.32,..,240.31,..,251.20,..,261.14,256.00,307.78,306.43
"Nominal Wage Rate","..Coconut Workers","..Western Mindanao",.,.,.,.,.,.,.,.,.,.,.,.,.,.,.,.,.,.,.,.,.,.,.,.,.,.,.,.,.,.,.,.,.,.,.,.,.,.,84.58,..,89.23,..,97.31,..,114.82,..,118.33,94.05,136.53,..,143.93,..,144.00,102.86,.,.,.,.,.,.,.,.,.,.,.,.,.,.,.,.,.,.,.,.,.,.,.,.,.,.,.,.,.,.,.,.,.,.,.,.
"Nominal Wage Rate","..Coconut Workers","..Region IX (Zamboanga Peninsula)",.,.,.,.,.,.,.,.,.,.,.,.,.,.,.,.,.,.,.,.,.,.,.,.,.,.,.,.,.,.,.,.,.,.,.,.,.,.,.,.,.,.,.,.,.,.,.,.,.,.,.,.,.,.,133.74,..,137.58,140.85,139.01,131.74,151.27,147.67,156.04,152.43,158.04,157.69,159.64,158.72,160.60,159.71,168.66,168.63,173.11,172.78,186.37,176.12,224.77,200.00,232.54,225.88,234.50,230.52,236.22,230.36,242.80,218.63,261.08,212.50,280.99,263.05
"Nominal Wage Rate","..Coconut Workers","..Region X (Northern Mindanao)",.,.,.,.,.,.,.,.,.,.,.,.,.,.,.,.,.,.,.,.,.,.,.,.,.,.,.,.,.,.,.,.,.,.,.,.,.,.,88.76,78.42,96.03,80.97,117.49,88.28,109.37,87.95,111.73,..,115.25,..,124.57,..,125.06,100.00,127.22,110.03,132.82,110.58,150.35,123.61,163.38,141.18,165.11,151.55,174.40,163.64,190.14,164.53,196.98,164.84,198.52,187.56,205.30,189.05,210.26,192.00,238.40,195.67,243.61,218.52,247.92,240.00,248.35,240.59,266.14,227.82,292.17,255.32,293.93,292.20
"Nominal Wage Rate","..Coconut Workers","..Southern Mindanao",.,.,.,.,.,.,.,.,.,.,.,.,.,.,.,.,.,.,.,.,.,.,.,.,.,.,.,.,.,.,.,.,.,.,.,.,.,.,79.51,..,86.42,76.18,101.21,78.72,118.01,81.71,108.02,86.09,126.15,82.60,130.82,95.05,130.93,96.46,.,.,.,.,.,.,.,.,.,.,.,.,.,.,.,.,.,.,.,.,.,.,.,.,.,.,.,.,.,.,.,.,.,.,.,.
"Nominal Wage Rate","..Coconut Workers","..Region XI (Davao Region)",.,.,.,.,.,.,.,.,.,.,.,.,.,.,.,.,.,.,.,.,.,.,.,.,.,.,.,.,.,.,.,.,.,.,.,.,.,.,.,.,.,.,.,.,.,.,.,.,.,.,.,.,.,.,140.79,108.87,132.58,120.09,135.71,128.26,142.36,131.91,151.50,141.67,154.38,146.47,160.00,150.00,161.82,150.62,162.76,161.59,176.12,175.17,194.10,176.68,250.88,222.37,251.14,229.20,263.96,236.71,265.23,248.34,263.37,264.27,298.93,372.76,336.30,420.56
"Nominal Wage Rate","..Coconut Workers","..Central Mindanao",.,.,.,.,.,.,.,.,.,.,.,.,.,.,.,.,.,.,.,.,.,.,.,.,.,.,.,.,.,.,.,.,.,.,.,.,.,.,85.89,85.98,95.32,87.32,93.04,97.96,127.77,98.26,127.80,90.00,130.10,88.57,109.35,96.78,113.01,95.13,.,.,.,.,.,.,.,.,.,.,.,.,.,.,.,.,.,.,.,.,.,.,.,.,.,.,.,.,.,.,.,.,.,.,.,.
"Nominal Wage Rate","..Coconut Workers","..Region XII (SOCCSKSARGEN)",.,.,.,.,.,.,.,.,.,.,.,.,.,.,.,.,.,.,.,.,.,.,.,.,.,.,.,.,.,.,.,.,.,.,.,.,.,.,.,.,.,.,.,.,.,.,.,.,.,.,.,.,.,.,168.89,121.34,147.59,129.19,157.60,139.74,167.60,150.68,169.54,160.61,175.05,173.83,182.38,178.53,182.78,179.13,188.16,182.87,194.85,185.93,202.15,189.19,203.26,200.00,207.50,217.58,213.77,232.57,214.83,232.61,257.90,254.55,262.15,255.22,280.83,286.95
"Nominal Wage Rate","..Coconut Workers","..Region XIII (Caraga)",.,.,.,.,.,.,.,.,.,.,.,.,.,.,.,.,.,.,.,.,.,.,.,.,.,.,.,.,.,.,.,.,.,.,.,.,.,.,81.93,..,85.93,..,109.36,..,115.34,..,123.16,..,143.27,..,150.34,..,157.04,..,164.25,..,170.27,..,172.40,168.82,179.33,..,182.59,..,205.49,..,211.71,..,212.70,..,212.92,..,224.42,..,242.85,208.51,257.62,253.64,278.61,269.50,297.86,280.00,308.01,282.86,363.06,228.57,374.47,270.00,374.73,369.91
"Nominal Wage Rate","..Coconut Workers","..Autonomous Region in Muslim Mindanao (ARMM)",.,.,.,.,.,.,.,.,.,.,.,.,.,.,.,.,.,.,.,.,.,.,.,.,.,.,.,.,.,.,.,.,.,.,.,.,.,.,.,.,.,.,.,.,105.21,..,105.82,109.39,113.35,96.86,127.12,101.41,129.74,102.33,155.93,109.19,156.04,136.75,159.96,134.33,162.82,145.72,166.01,158.54,167.85,166.38,175.59,..,175.70,160.00,178.33,178.16,178.40,176.51,188.51,178.60,202.18,..,202.34,..,218.71,..,224.87,200.00,245.20,200.00,342.48,286.89,349.00,..
"Nominal Wage Rate","..Sugarcane Workers","..Cordillera Administrative Region (CAR)",.,.,.,.,.,.,.,.,.,.,.,.,.,.,.,.,.,.,.,.,.,.,.,.,.,.,.,.,.,.,.,.,.,.,.,.,.,.,.,.,.,.,.,.,.,.,.,.,.,.,.,.,.,.,.,.,.,.,.,.,.,.,.,.,.,.,.,.,.,.,.,.,.,.,.,.,.,.,.,.,.,.,.,.,.,.,.,.,.,.
"Nominal Wage Rate","..Sugarcane Workers","..Region I (Ilocos Region)",.,.,.,.,.,.,.,.,.,.,.,.,.,.,.,.,.,.,.,.,.,.,.,.,.,.,.,.,.,.,.,.,.,.,.,.,.,.,76.55,..,94.94,98.80,102.31,112.26,126.23,..,127.11,..,130.78,..,197.73,..,148.22,..,153.13,..,167.72,..,165.55,..,191.69,..,193.75,..,226.79,..,252.05,..,257.26,..,257.99,..,258.06,..,260.66,..,310.64,..,315.00,258.33,332.92,..,333.65,335.00,408.59,..,336.16,350.00,353.25,..
"Nominal Wage Rate","..Sugarcane Workers","..Region II (Cagayan Valley)",.,.,.,.,.,.,.,.,.,.,.,.,.,.,.,.,.,.,.,.,.,.,.,.,.,.,.,.,.,.,.,.,.,.,.,.,.,.,.,.,.,.,.,.,115.95,84.29,120.67,100.38,145.39,125.41,140.08,128.12,135.79,127.46,138.18,136.79,170.52,147.28,194.85,155.70,200.14,161.10,201.09,189.58,201.45,196.82,205.77,204.96,208.42,206.10,210.56,209.02,210.87,209.31,235.14,219.05,247.62,244.35,249.00,244.54,262.88,257.20,264.77,260.60,251.31,257.51,276.41,269.35,322.18,308.56
"Nominal Wage Rate","..Sugarcane Workers","..Region III (Central Luzon)",.,.,.,.,.,.,.,.,.,.,.,.,.,.,.,.,.,.,.,.,.,.,.,.,.,.,.,.,.,.,.,.,.,.,.,.,.,.,93.13,70.05,105.45,82.36,111.05,88.49,120.89,116.98,125.08,126.76,130.58,161.65,161.85,137.20,161.97,123.00,164.33,129.95,180.09,157.16,210.68,174.43,222.07,186.63,222.90,197.82,225.11,200.17,227.05,211.78,254.82,251.01,254.84,252.00,255.55,252.41,290.10,264.60,303.49,266.67,314.72,274.79,329.48,284.78,331.36,323.83,275.49,351.11,317.80,301.79,331.34,322.58
"Nominal Wage Rate","..Sugarcane Workers","..Southern Tagalog",.,.,.,.,.,.,.,.,.,.,.,.,.,.,.,.,.,.,.,.,.,.,.,.,.,.,.,.,.,.,.,.,.,.,.,.,.,.,94.77,92.35,110.50,102.77,118.83,123.68,131.60,149.86,154.55,..,193.12,..,206.42,212.72,168.38,140.50,.,.,.,.,.,.,.,.,.,.,.,.,.,.,.,.,.,.,.,.,.,.,.,.,.,.,.,.,.,.,.,.,.,.,.,.
"Nominal Wage Rate","..Sugarcane Workers","..Region IV-A (CALABARZON)",.,.,.,.,.,.,.,.,.,.,.,.,.,.,.,.,.,.,.,.,.,.,.,.,.,.,.,.,.,.,.,.,.,.,.,.,.,.,.,.,.,.,.,.,.,.,.,.,.,.,.,.,.,.,175.71,148.31,177.00,165.12,195.84,173.33,221.20,198.48,223.03,214.35,223.27,214.75,223.66,216.00,225.91,222.22,227.86,..,228.48,..,229.50,237.41,289.83,261.24,292.81,271.84,305.70,284.62,306.85,300.00,308.08,330.32,258.90,257.68,341.08,328.19
"Nominal Wage Rate","..Sugarcane Workers","..MIMAROPA Region",.,.,.,.,.,.,.,.,.,.,.,.,.,.,.,.,.,.,.,.,.,.,.,.,.,.,.,.,.,.,.,.,.,.,.,.,.,.,.,.,.,.,.,.,.,.,.,.,.,.,.,.,.,.,.,.,.,.,.,.,.,.,.,.,.,.,.,.,.,.,.,.,.,.,.,.,.,.,.,.,.,.,.,.,.,.,.,.,.,.
"Nominal Wage Rate","..Sugarcane Workers","..Region V (Bicol Region)",.,.,.,.,.,.,.,.,.,.,.,.,.,.,.,.,.,.,.,.,.,.,.,.,.,.,.,.,.,.,.,.,.,.,.,.,.,.,79.68,67.22,91.33,80.87,98.75,84.16,107.31,123.94,111.38,131.60,139.17,135.12,128.74,..,131.70,..,138.50,130.85,138.58,123.08,145.17,138.82,159.15,142.38,161.59,150.00,167.71,158.04,168.07,..,168.37,..,179.05,144.54,182.63,..,182.92,..,211.25,..,223.67,..,236.96,210.96,239.74,237.94,241.17,231.20,260.24,247.61,295.85,267.68
"Nominal Wage Rate","..Sugarcane Workers","..Region VI (Western Visayas)",.,.,.,.,.,.,.,.,.,.,.,.,.,.,.,.,.,.,.,.,.,.,.,.,.,.,.,.,.,.,.,.,.,.,.,.,.,.,80.48,69.03,92.24,75.64,98.90,79.16,102.62,86.51,129.22,98.42,161.27,120.45,156.53,127.04,161.90,133.49,168.17,116.13,160.14,130.65,153.11,140.30,180.13,148.02,181.44,173.88,189.48,156.85,192.99,173.56,191.84,179.17,192.28,179.34,195.67,172.40,214.32,185.80,231.26,192.87,237.47,201.04,258.23,218.56,261.14,252.04,231.28,204.62,279.22,248.24,301.21,317.53
"Nominal Wage Rate","..Sugarcane Workers","..Region VII (Central Visayas)",.,.,.,.,.,.,.,.,.,.,.,.,.,.,.,.,.,.,.,.,.,.,.,.,.,.,.,.,.,.,.,.,.,.,.,.,.,.,77.47,67.88,84.05,71.77,88.60,73.87,95.25,78.48,102.73,96.81,128.13,126.45,135.03,119.85,138.44,121.19,141.66,123.40,144.52,116.36,137.84,128.90,162.80,127.46,163.67,146.67,165.69,135.34,168.78,136.64,169.78,138.06,176.21,138.59,196.64,166.15,215.67,175.95,222.35,181.10,235.85,201.04,243.39,206.72,243.60,209.43,243.97,242.75,265.73,257.10,282.15,262.97
"Nominal Wage Rate","..Sugarcane Workers","..Region VIII (Eastern Visayas)",.,.,.,.,.,.,.,.,.,.,.,.,.,.,.,.,.,.,.,.,.,.,.,.,.,.,.,.,.,.,.,.,.,.,.,.,.,.,78.04,72.63,94.30,90.20,106.11,103.70,109.34,104.75,112.50,..,137.56,107.26,157.77,142.71,162.02,134.02,156.67,135.19,152.41,144.97,160.34,152.80,173.41,154.44,174.18,168.02,174.22,169.30,174.64,169.78,176.35,173.63,178.60,173.79,187.33,183.83,193.17,183.33,228.69,189.87,240.33,215.92,252.91,226.79,252.96,237.66,257.68,..,254.97,268.14,294.56,277.36
"Nominal Wage Rate","..Sugarcane Workers","..Western Mindanao",.,.,.,.,.,.,.,.,.,.,.,.,.,.,.,.,.,.,.,.,.,.,.,.,.,.,.,.,.,.,.,.,.,.,.,.,.,.,.,.,.,.,.,.,.,.,.,.,.,.,.,.,.,.,.,.,.,.,.,.,.,.,.,.,.,.,.,.,.,.,.,.,.,.,.,.,.,.,.,.,.,.,.,.,.,.,.,.,.,.
"Nominal Wage Rate","..Sugarcane Workers","..Region IX (Zamboanga Peninsula)",.,.,.,.,.,.,.,.,.,.,.,.,.,.,.,.,.,.,.,.,.,.,.,.,.,.,.,.,.,.,.,.,.,.,.,.,.,.,.,.,.,.,.,.,.,.,.,.,.,.,.,.,.,.,.,.,.,.,.,.,.,.,.,.,.,.,.,.,.,.,.,.,.,.,.,.,.,.,.,.,.,.,.,.,.,.,.,.,.,.
"Nominal Wage Rate","..Sugarcane Workers","..Region X (Northern Mindanao)",.,.,.,.,.,.,.,.,.,.,.,.,.,.,.,.,.,.,.,.,.,.,.,.,.,.,.,.,.,.,.,.,.,.,.,.,.,.,.,.,.,.,.,.,99.13,62.12,114.77,74.37,125.51,95.00,143.80,100.00,143.85,105.00,134.89,107.00,137.47,127.96,151.58,135.10,164.71,134.20,166.05,146.90,167.19,146.92,171.82,151.06,169.70,153.32,170.51,147.51,180.40,164.43,190.54,163.38,192.27,177.46,229.20,182.14,236.28,190.17,239.35,211.07,233.31,249.13,294.13,202.88,294.25,286.16
"Nominal Wage Rate","..Sugarcane Workers","..Southern Mindanao",.,.,.,.,.,.,.,.,.,.,.,.,.,.,.,.,.,.,.,.,.,.,.,.,.,.,.,.,.,.,.,.,.,.,.,.,.,.,79.94,62.93,90.77,80.33,102.47,86.48,103.31,88.26,114.34,101.51,116.84,130.65,137.90,130.94,161.88,135.96,.,.,.,.,.,.,.,.,.,.,.,.,.,.,.,.,.,.,.,.,.,.,.,.,.,.,.,.,.,.,.,.,.,.,.,.
"Nominal Wage Rate","..Sugarcane Workers","..Region XI (Davao Region)",.,.,.,.,.,.,.,.,.,.,.,.,.,.,.,.,.,.,.,.,.,.,.,.,.,.,.,.,.,.,.,.,.,.,.,.,.,.,.,.,.,.,.,.,.,.,.,.,.,.,.,.,.,.,161.08,157.75,161.46,159.10,171.79,164.01,201.91,170.30,202.67,179.16,209.09,177.53,212.80,184.39,209.08,185.90,209.72,169.23,214.35,198.44,216.34,195.92,239.63,206.14,261.32,248.31,272.18,258.62,275.82,259.55,323.54,220.44,363.27,..,383.88,205.66
"Nominal Wage Rate","..Sugarcane Workers","..Central Mindanao",.,.,.,.,.,.,.,.,.,.,.,.,.,.,.,.,.,.,.,.,.,.,.,.,.,.,.,.,.,.,.,.,.,.,.,.,.,.,79.88,72.34,88.46,78.19,94.55,84.42,105.06,86.47,121.27,92.95,143.99,117.80,135.25,115.75,163.30,121.75,.,.,.,.,.,.,.,.,.,.,.,.,.,.,.,.,.,.,.,.,.,.,.,.,.,.,.,.,.,.,.,.,.,.,.,.
"Nominal Wage Rate","..Sugarcane Workers","..Region XII (SOCCSKSARGEN)",.,.,.,.,.,.,.,.,.,.,.,.,.,.,.,.,.,.,.,.,.,.,.,.,.,.,.,.,.,.,.,.,.,.,.,.,.,.,.,.,.,.,.,.,.,.,.,.,.,.,.,.,.,.,164.79,122.13,163.02,145.10,175.77,142.23,175.22,148.63,177.18,159.32,181.34,145.69,183.38,148.54,188.88,156.14,191.36,148.89,190.56,155.38,199.35,178.70,216.16,196.01,238.05,210.00,252.17,222.49,253.26,226.67,248.70,238.73,277.46,269.72,279.42,270.97
"Nominal Wage Rate","..Sugarcane Workers","..Region XIII (Caraga)",.,.,.,.,.,.,.,.,.,.,.,.,.,.,.,.,.,.,.,.,.,.,.,.,.,.,.,.,.,.,.,.,.,.,.,.,.,.,.,.,.,.,.,.,.,.,.,.,.,.,.,.,.,.,.,.,.,.,.,.,.,.,.,.,.,.,.,.,.,.,.,.,.,.,.,.,.,.,.,.,.,.,.,.,.,.,.,.,.,.
"Nominal Wage Rate","..Sugarcane Workers","..Autonomous Region in Muslim Mindanao (ARMM)",.,.,.,.,.,.,.,.,.,.,.,.,.,.,.,.,.,.,.,.,.,.,.,.,.,.,.,.,.,.,.,.,.,.,.,.,.,.,.,.,.,.,.,.,.,.,.,.,.,.,.,.,.,.,.,.,.,.,.,.,.,.,.,.,.,.,.,.,.,.,.,.,.,.,.,.,.,.,.,.,.,.,.,.,.,.,.,.,.,.
"Real Wage Rate","..Palay Workers","..Cordillera Administrative Region (CAR)",.,.,.,.,.,.,.,.,.,.,.,.,.,.,.,.,.,.,.,.,.,.,.,.,.,.,.,.,.,.,.,.,.,.,.,.,.,.,128.27,111.16,146.17,120.90,150.91,134.45,148.47,131.33,166.84,128.40,160.80,125.33,175.02,129.59,163.96,129.90,161.18,130.16,141.52,125.80,135.62,117.23,132.64,117.69,126.23,112.48,123.85,116.77,129.85,125.74,131.65,124.14,127.63,121.05,131.09,127.12,182.50,172.18,198.59,188.25,196.03,185.56,200.15,189.37,205.73,191.65,248.14,235.47,267.36,250.28,267.97,251.11
"Real Wage Rate","..Palay Workers","..Region I (Ilocos Region)",.,.,.,.,.,.,.,.,.,.,.,.,.,.,.,.,.,.,.,.,.,.,.,.,.,.,.,.,.,.,.,.,.,.,.,.,.,.,136.91,123.80,149.60,139.22,164.84,150.43,159.16,149.01,162.66,138.40,168.34,139.26,168.72,144.98,157.71,134.81,154.00,136.77,155.23,137.28,150.22,136.66,144.40,123.77,138.37,127.89,148.45,133.35,158.53,145.89,158.38,147.15,160.90,149.77,165.37,147.83,236.97,220.39,238.12,222.82,237.60,220.14,250.60,236.82,249.82,241.51,289.16,285.62,312.32,292.70,309.69,292.96
"Real Wage Rate","..Palay Workers","..Region II (Cagayan Valley)",.,.,.,.,.,.,.,.,.,.,.,.,.,.,.,.,.,.,.,.,.,.,.,.,.,.,.,.,.,.,.,.,.,.,.,.,.,.,138.70,119.93,145.73,123.41,144.09,122.18,149.01,127.30,151.61,130.06,152.09,123.32,152.06,123.26,141.58,123.59,141.04,127.02,140.83,121.43,142.40,122.32,137.91,125.94,134.65,133.06,142.69,139.27,152.68,147.10,147.04,143.24,142.80,138.90,153.28,148.99,215.25,212.15,235.37,214.09,243.80,223.44,262.73,236.70,272.12,247.03,290.67,276.81,271.77,263.30,317.44,303.55
"Real Wage Rate","..Palay Workers","..Region III (Central Luzon)",.,.,.,.,.,.,.,.,.,.,.,.,.,.,.,.,.,.,.,.,.,.,.,.,.,.,.,.,.,.,.,.,.,.,.,.,.,.,143.32,121.34,161.60,136.69,180.52,141.01,207.18,148.70,204.38,164.57,207.37,157.84,201.36,159.57,197.31,150.28,185.51,157.62,182.65,152.19,178.55,138.21,177.76,143.35,170.43,139.63,175.73,149.24,172.75,148.39,176.56,150.50,179.63,148.66,180.15,153.09,239.52,200.21,264.00,233.49,258.44,228.87,266.46,253.00,272.10,252.02,331.68,284.14,305.64,264.43,297.52,296.97
"Real Wage Rate","..Palay Workers","..Southern Tagalog",.,.,.,.,.,.,.,.,.,.,.,.,.,.,.,.,.,.,.,.,.,.,.,.,.,.,.,.,.,.,.,.,.,.,.,.,.,.,147.87,121.76,155.44,133.00,161.52,131.62,184.79,159.93,173.52,155.74,165.73,146.42,171.99,142.90,160.43,135.28,.,.,.,.,.,.,.,.,.,.,.,.,.,.,.,.,.,.,.,.,.,.,.,.,.,.,.,.,.,.,.,.,.,.,.,.
"Real Wage Rate","..Palay Workers","..Region IV-A (CALABARZON)",.,.,.,.,.,.,.,.,.,.,.,.,.,.,.,.,.,.,.,.,.,.,.,.,.,.,.,.,.,.,.,.,.,.,.,.,.,.,.,.,.,.,.,.,.,.,.,.,.,.,.,.,.,.,153.82,142.00,154.79,140.86,160.76,147.04,152.75,138.78,151.59,140.92,161.88,157.91,168.17,160.02,168.36,161.68,175.75,157.43,176.94,165.33,234.82,230.59,233.55,232.15,233.36,231.84,241.35,238.85,242.62,239.71,357.22,328.51,344.06,344.65,358.15,346.75
"Real Wage Rate","..Palay Workers","..MIMAROPA Region",.,.,.,.,.,.,.,.,.,.,.,.,.,.,.,.,.,.,.,.,.,.,.,.,.,.,.,.,.,.,.,.,.,.,.,.,.,.,.,.,.,.,.,.,.,.,.,.,.,.,.,.,.,.,145.18,126.53,139.33,131.80,133.83,124.17,132.81,121.16,141.83,125.52,141.34,136.70,148.59,136.42,150.43,136.62,156.21,138.00,157.32,139.10,197.27,175.47,203.88,179.82,198.68,176.26,203.18,180.43,206.15,181.12,287.61,223.12,349.11,223.91,346.10,251.60
"Real Wage Rate","..Palay Workers","..Region V (Bicol Region)",.,.,.,.,.,.,.,.,.,.,.,.,.,.,.,.,.,.,.,.,.,.,.,.,.,.,.,.,.,.,.,.,.,.,.,.,.,.,127.93,96.22,138.92,99.43,130.40,114.32,138.77,127.19,138.03,120.09,133.24,108.92,137.18,111.01,130.03,110.79,129.02,110.69,127.32,114.48,119.65,107.37,119.86,104.25,117.74,111.91,124.63,114.93,129.95,125.90,125.77,123.62,125.74,120.51,132.95,124.85,172.24,166.71,181.69,170.07,180.23,166.77,187.93,171.85,188.57,172.26,254.10,235.33,272.93,245.89,271.19,251.57
"Real Wage Rate","..Palay Workers","..Region VI (Western Visayas)",.,.,.,.,.,.,.,.,.,.,.,.,.,.,.,.,.,.,.,.,.,.,.,.,.,.,.,.,.,.,.,.,.,.,.,.,.,.,116.25,91.92,131.63,110.16,134.25,112.25,149.43,124.32,145.76,114.43,150.20,116.40,151.05,120.40,147.03,113.69,139.71,108.51,129.16,113.25,129.97,109.50,126.23,104.96,124.10,109.04,122.90,115.53,126.94,114.79,123.38,116.17,126.16,120.31,127.02,122.42,165.63,157.53,168.83,162.70,161.14,154.73,169.24,158.40,170.32,160.88,253.25,226.02,259.09,237.69,255.50,247.12
"Real Wage Rate","..Palay Workers","..Region VII (Central Visayas)",.,.,.,.,.,.,.,.,.,.,.,.,.,.,.,.,.,.,.,.,.,.,.,.,.,.,.,.,.,.,.,.,.,.,.,.,.,.,104.90,97.68,112.25,104.47,105.92,103.22,109.39,106.14,109.69,98.76,95.21,85.92,93.98,89.55,91.65,87.22,93.90,91.01,95.66,88.68,93.07,89.22,89.91,84.45,93.39,85.57,100.45,98.90,99.75,95.29,100.40,95.56,103.34,96.90,106.13,100.84,148.54,139.50,160.69,153.42,153.89,148.21,161.39,153.09,161.28,157.72,216.64,206.85,229.05,208.01,250.07,205.87
"Real Wage Rate","..Palay Workers","..Region VIII (Eastern Visayas)",.,.,.,.,.,.,.,.,.,.,.,.,.,.,.,.,.,.,.,.,.,.,.,.,.,.,.,.,.,.,.,.,.,.,.,.,.,.,108.93,97.24,111.13,102.05,117.07,106.97,121.28,101.78,134.18,102.31,127.39,103.08,126.31,106.13,120.94,103.56,119.12,101.49,114.90,107.95,110.73,104.76,108.98,102.28,106.96,102.73,113.63,114.76,107.45,105.34,102.31,100.17,104.33,99.41,107.10,100.65,140.48,135.01,140.44,137.82,139.60,137.33,154.48,150.53,161.25,158.58,228.40,187.06,231.06,214.43,253.81,248.51
"Real Wage Rate","..Palay Workers","..Western Mindanao",.,.,.,.,.,.,.,.,.,.,.,.,.,.,.,.,.,.,.,.,.,.,.,.,.,.,.,.,.,.,.,.,.,.,.,.,.,.,116.19,114.79,120.03,118.36,117.87,119.45,126.51,136.41,120.70,127.97,125.51,122.26,120.32,113.00,118.45,112.86,.,.,.,.,.,.,.,.,.,.,.,.,.,.,.,.,.,.,.,.,.,.,.,.,.,.,.,.,.,.,.,.,.,.,.,.
"Real Wage Rate","..Palay Workers","..Region IX (Zamboanga Peninsula)",.,.,.,.,.,.,.,.,.,.,.,.,.,.,.,.,.,.,.,.,.,.,.,.,.,.,.,.,.,.,.,.,.,.,.,.,.,.,.,.,.,.,.,.,.,.,.,.,.,.,.,.,.,.,121.12,115.08,122.35,111.15,114.88,106.75,113.78,105.79,115.55,110.30,122.66,120.09,116.94,113.47,119.62,117.42,120.80,117.67,128.53,126.36,172.98,168.77,170.92,165.64,160.76,155.68,172.71,166.51,174.12,167.46,234.90,236.50,244.83,238.88,269.18,242.07
"Real Wage Rate","..Palay Workers","..Region X (Northern Mindanao)",.,.,.,.,.,.,.,.,.,.,.,.,.,.,.,.,.,.,.,.,.,.,.,.,.,.,.,.,.,.,.,.,.,.,.,.,.,.,127.42,123.11,132.74,125.48,132.23,143.42,171.91,181.20,165.66,153.39,156.88,159.17,146.58,141.01,139.94,134.37,141.81,127.34,135.04,125.11,126.33,116.31,118.03,111.49,116.55,115.31,122.97,121.71,128.88,125.18,124.48,121.01,122.40,120.07,125.23,126.05,169.44,159.40,168.07,158.38,171.65,161.34,183.42,171.59,185.95,175.09,261.70,244.94,260.26,234.86,275.84,262.24
"Real Wage Rate","..Palay Workers","..Southern Mindanao",.,.,.,.,.,.,.,.,.,.,.,.,.,.,.,.,.,.,.,.,.,.,.,.,.,.,.,.,.,.,.,.,.,.,.,.,.,.,125.45,113.90,131.45,117.76,129.64,110.94,127.09,122.54,119.29,116.16,112.63,124.83,112.24,116.26,111.45,112.24,.,.,.,.,.,.,.,.,.,.,.,.,.,.,.,.,.,.,.,.,.,.,.,.,.,.,.,.,.,.,.,.,.,.,.,.
"Real Wage Rate","..Palay Workers","..Region XI (Davao Region)",.,.,.,.,.,.,.,.,.,.,.,.,.,.,.,.,.,.,.,.,.,.,.,.,.,.,.,.,.,.,.,.,.,.,.,.,.,.,.,.,.,.,.,.,.,.,.,.,.,.,.,.,.,.,118.21,104.56,123.97,115.87,118.13,110.64,124.25,107.36,120.46,114.04,122.94,121.06,120.63,119.48,121.04,117.16,121.97,121.72,131.11,128.12,180.69,177.87,182.15,169.44,179.34,171.82,190.62,185.65,205.88,189.63,295.75,250.66,284.28,266.99,306.77,281.57
"Real Wage Rate","..Palay Workers","..Central Mindanao",.,.,.,.,.,.,.,.,.,.,.,.,.,.,.,.,.,.,.,.,.,.,.,.,.,.,.,.,.,.,.,.,.,.,.,.,.,.,118.67,105.29,135.12,125.93,147.97,128.54,157.10,151.87,150.82,137.26,142.97,133.36,142.54,129.19,138.37,126.95,.,.,.,.,.,.,.,.,.,.,.,.,.,.,.,.,.,.,.,.,.,.,.,.,.,.,.,.,.,.,.,.,.,.,.,.
"Real Wage Rate","..Palay Workers","..Region XII (SOCCSKSARGEN)",.,.,.,.,.,.,.,.,.,.,.,.,.,.,.,.,.,.,.,.,.,.,.,.,.,.,.,.,.,.,.,.,.,.,.,.,.,.,.,.,.,.,.,.,.,.,.,.,.,.,.,.,.,.,157.26,136.98,141.66,135.81,132.43,126.95,126.11,117.40,122.68,118.13,129.21,120.61,129.01,118.47,128.90,120.97,132.85,125.50,140.86,134.87,188.41,179.43,193.11,167.45,188.42,169.16,200.61,177.95,202.17,179.63,254.15,229.74,279.50,245.92,298.58,258.87
"Real Wage Rate","..Palay Workers","..Region XIII (Caraga)",.,.,.,.,.,.,.,.,.,.,.,.,.,.,.,.,.,.,.,.,.,.,.,.,.,.,.,.,.,.,.,.,.,.,.,.,.,.,124.96,117.10,136.28,121.03,126.84,116.40,127.08,143.51,135.07,129.92,124.66,111.73,130.12,116.46,128.38,113.10,126.08,112.71,125.79,120.81,126.07,119.39,125.66,116.79,124.91,114.13,122.39,117.91,118.48,114.29,125.26,121.24,133.89,127.89,140.08,132.70,182.55,171.15,187.78,178.96,185.68,177.57,199.97,193.67,200.72,194.11,311.30,319.42,301.48,303.69,297.87,298.24
"Real Wage Rate","..Palay Workers","..Autonomous Region in Muslim Mindanao (ARMM)",.,.,.,.,.,.,.,.,.,.,.,.,.,.,.,.,.,.,.,.,.,.,.,.,.,.,.,.,.,.,.,.,.,.,.,.,.,.,127.77,121.07,149.42,139.77,156.71,145.68,151.28,140.48,154.95,123.36,148.65,125.16,131.10,117.99,123.81,113.45,128.39,112.05,133.03,119.38,136.44,124.10,133.04,120.23,126.42,113.98,116.67,116.37,116.84,115.51,115.35,114.36,114.64,113.66,122.29,121.23,176.05,173.00,175.03,173.51,169.90,168.95,179.53,175.97,182.30,185.22,225.31,250.34,213.34,217.04,212.79,237.44
"Real Wage Rate","..Corn Workers","..Cordillera Administrative Region (CAR)",.,.,.,.,.,.,.,.,.,.,.,.,.,.,.,.,.,.,.,.,.,.,.,.,.,.,.,.,.,.,.,.,.,.,.,.,.,.,115.44,100.19,118.06,108.76,125.75,120.58,138.41,131.37,136.75,125.54,148.43,122.53,145.64,120.85,135.49,110.40,153.97,117.43,135.95,121.30,126.20,115.71,130.89,110.21,126.51,110.64,128.11,119.35,131.05,123.47,136.47,133.30,134.24,130.16,136.55,133.57,192.47,188.95,190.82,187.15,207.15,189.29,218.37,196.54,200.70,187.50,224.65,201.78,245.46,211.05,248.81,216.12
"Real Wage Rate","..Corn Workers","..Region I (Ilocos Region)",.,.,.,.,.,.,.,.,.,.,.,.,.,.,.,.,.,.,.,.,.,.,.,.,.,.,.,.,.,.,.,.,.,.,.,.,.,.,118.61,109.41,129.34,110.63,132.40,119.16,130.20,115.76,125.11,112.55,137.48,128.11,132.42,125.19,124.08,114.10,116.62,106.11,121.18,108.20,121.87,111.70,123.76,108.15,119.31,109.86,122.58,115.36,121.60,119.59,126.76,122.16,132.80,119.39,133.97,126.92,183.78,172.80,206.97,189.34,206.64,184.37,208.23,189.09,205.79,196.22,266.38,219.70,264.84,222.20,266.76,251.63
"Real Wage Rate","..Corn Workers","..Region II (Cagayan Valley)",.,.,.,.,.,.,.,.,.,.,.,.,.,.,.,.,.,.,.,.,.,.,.,.,.,.,.,.,.,.,.,.,.,.,.,.,.,.,125.96,93.67,128.17,100.81,118.30,103.97,122.62,93.51,108.12,91.11,125.93,102.03,121.22,108.80,116.80,100.38,108.19,95.98,118.31,104.56,119.14,109.41,117.76,106.31,116.36,110.57,119.40,115.98,125.03,123.57,120.40,118.10,121.50,119.60,130.46,126.02,170.50,168.73,190.77,177.32,196.08,193.07,200.51,193.89,191.27,189.39,203.99,181.79,222.01,211.15,262.33,247.91
"Real Wage Rate","..Corn Workers","..Region III (Central Luzon)",.,.,.,.,.,.,.,.,.,.,.,.,.,.,.,.,.,.,.,.,.,.,.,.,.,.,.,.,.,.,.,.,.,.,.,.,.,.,132.66,101.47,139.44,102.14,129.91,87.34,160.37,97.16,161.87,103.96,163.40,106.11,145.64,109.29,139.22,112.20,152.06,104.68,144.93,120.91,143.59,124.45,140.00,133.37,140.94,142.54,149.99,150.34,149.79,143.79,146.07,148.36,145.06,148.05,151.54,..,209.71,..,240.67,..,243.67,..,263.02,162.08,211.03,195.15,287.13,268.41,274.64,249.81,295.40,257.28
"Real Wage Rate","..Corn Workers","..Southern Tagalog",.,.,.,.,.,.,.,.,.,.,.,.,.,.,.,.,.,.,.,.,.,.,.,.,.,.,.,.,.,.,.,.,.,.,.,.,.,.,136.16,109.65,146.24,111.78,158.71,118.73,154.45,129.12,146.62,128.98,138.80,123.14,133.66,121.12,124.71,106.74,.,.,.,.,.,.,.,.,.,.,.,.,.,.,.,.,.,.,.,.,.,.,.,.,.,.,.,.,.,.,.,.,.,.,.,.
"Real Wage Rate","..Corn Workers","..Region IV-A (CALABARZON)",.,.,.,.,.,.,.,.,.,.,.,.,.,.,.,.,.,.,.,.,.,.,.,.,.,.,.,.,.,.,.,.,.,.,.,.,.,.,.,.,.,.,.,.,.,.,.,.,.,.,.,.,.,.,129.59,89.66,128.86,..,140.51,98.98,135.99,..,132.47,111.97,130.97,..,130.11,118.02,136.04,137.81,131.50,123.00,137.37,128.00,178.11,..,189.80,169.62,211.45,186.34,215.58,189.56,214.59,207.37,300.01,289.47,310.36,313.91,331.34,325.06
"Real Wage Rate","..Corn Workers","..MIMAROPA Region",.,.,.,.,.,.,.,.,.,.,.,.,.,.,.,.,.,.,.,.,.,.,.,.,.,.,.,.,.,.,.,.,.,.,.,.,.,.,.,.,.,.,.,.,.,.,.,.,.,.,.,.,.,.,94.14,86.42,108.12,93.57,120.87,96.55,124.50,97.04,121.84,98.11,120.28,112.31,119.03,114.45,125.72,118.02,127.52,122.57,130.63,124.31,164.71,149.31,177.45,145.79,172.94,158.45,179.36,158.98,177.42,160.41,210.16,205.09,216.85,208.94,249.71,224.41
"Real Wage Rate","..Corn Workers","..Region V (Bicol Region)",.,.,.,.,.,.,.,.,.,.,.,.,.,.,.,.,.,.,.,.,.,.,.,.,.,.,.,.,.,.,.,.,.,.,.,.,.,.,110.28,92.16,110.63,94.39,109.99,95.35,103.28,93.71,100.41,90.53,124.25,93.73,115.89,89.60,111.56,84.90,106.21,75.48,103.95,85.78,98.66,84.60,98.62,90.55,101.80,96.63,101.18,97.51,99.75,98.67,98.15,97.24,96.02,93.78,101.70,98.22,132.53,128.01,151.82,142.99,151.09,146.26,160.43,150.21,169.00,159.64,226.41,206.53,234.97,211.75,248.46,214.52
"Real Wage Rate","..Corn Workers","..Region VI (Western Visayas)",.,.,.,.,.,.,.,.,.,.,.,.,.,.,.,.,.,.,.,.,.,.,.,.,.,.,.,.,.,.,.,.,.,.,.,.,.,.,97.96,77.25,111.39,87.67,113.58,91.44,113.00,91.07,102.44,87.32,112.75,89.86,106.49,91.73,104.72,83.91,107.29,87.50,109.70,92.18,109.07,92.69,109.29,98.08,112.57,103.11,114.55,109.68,110.43,107.69,106.61,105.84,104.48,106.35,108.23,106.56,139.88,137.85,148.99,143.32,150.31,142.85,149.80,143.16,145.24,147.89,241.35,198.64,233.50,198.99,230.19,216.60
"Real Wage Rate","..Corn Workers","..Region VII (Central Visayas)",.,.,.,.,.,.,.,.,.,.,.,.,.,.,.,.,.,.,.,.,.,.,.,.,.,.,.,.,.,.,.,.,.,.,.,.,.,.,96.86,89.06,107.94,94.97,98.86,106.45,97.50,105.90,95.87,92.44,102.30,93.12,99.21,87.24,92.68,81.08,90.57,75.77,89.53,76.39,93.93,85.86,94.87,93.48,97.38,91.97,96.95,95.26,91.39,88.95,90.60,89.03,90.84,87.44,97.38,91.94,136.33,129.08,131.82,128.27,134.96,134.11,146.73,135.54,148.42,137.53,198.34,196.06,215.37,187.52,219.56,195.92
"Real Wage Rate","..Corn Workers","..Region VIII (Eastern Visayas)",.,.,.,.,.,.,.,.,.,.,.,.,.,.,.,.,.,.,.,.,.,.,.,.,.,.,.,.,.,.,.,.,.,.,.,.,.,.,97.04,88.79,98.32,93.87,99.42,88.15,101.83,92.96,105.94,84.77,99.09,85.43,96.76,90.92,95.08,85.03,88.35,82.15,91.94,80.38,104.48,84.80,103.64,90.88,101.80,93.01,99.36,96.12,90.94,89.81,87.81,87.08,88.47,87.45,95.60,92.30,125.33,120.22,130.01,119.81,129.27,122.80,163.11,141.42,158.59,145.32,192.42,186.11,190.18,214.76,226.27,220.06
"Real Wage Rate","..Corn Workers","..Western Mindanao",.,.,.,.,.,.,.,.,.,.,.,.,.,.,.,.,.,.,.,.,.,.,.,.,.,.,.,.,.,.,.,.,.,.,.,.,.,.,110.41,100.06,111.03,102.14,103.07,106.68,108.20,99.99,106.09,107.18,124.71,93.43,118.39,90.01,113.30,86.35,.,.,.,.,.,.,.,.,.,.,.,.,.,.,.,.,.,.,.,.,.,.,.,.,.,.,.,.,.,.,.,.,.,.,.,.
"Real Wage Rate","..Corn Workers","..Region IX (Zamboanga Peninsula)",.,.,.,.,.,.,.,.,.,.,.,.,.,.,.,.,.,.,.,.,.,.,.,.,.,.,.,.,.,.,.,.,.,.,.,.,.,.,.,.,.,.,.,.,.,.,.,.,.,.,.,.,.,.,105.54,84.99,104.85,93.90,108.91,99.75,106.14,98.31,103.93,100.98,105.23,104.20,95.75,94.36,93.37,92.59,92.27,93.39,100.76,97.45,133.67,128.19,139.86,130.17,142.21,125.47,142.61,135.13,139.76,132.77,184.93,182.18,201.62,179.60,204.24,192.69
"Real Wage Rate","..Corn Workers","..Region X (Northern Mindanao)",.,.,.,.,.,.,.,.,.,.,.,.,.,.,.,.,.,.,.,.,.,.,.,.,.,.,.,.,.,.,.,.,.,.,.,.,.,.,119.31,113.95,123.72,118.24,120.75,107.25,124.03,104.04,114.99,105.00,126.06,109.92,118.39,103.90,111.04,94.96,107.52,97.74,106.64,100.83,106.57,101.17,106.31,108.53,105.32,103.38,106.06,104.41,106.10,102.36,103.22,98.44,100.46,95.67,101.86,98.74,133.73,130.40,132.80,129.24,130.31,127.37,131.39,128.34,131.01,129.63,190.08,199.96,185.19,183.82,202.05,201.73
"Real Wage Rate","..Corn Workers","..Southern Mindanao",.,.,.,.,.,.,.,.,.,.,.,.,.,.,.,.,.,.,.,.,.,.,.,.,.,.,.,.,.,.,.,.,.,.,.,.,.,.,106.23,101.64,117.75,108.87,101.20,96.47,99.67,99.78,99.16,89.46,118.31,98.86,108.96,88.78,102.32,85.85,.,.,.,.,.,.,.,.,.,.,.,.,.,.,.,.,.,.,.,.,.,.,.,.,.,.,.,.,.,.,.,.,.,.,.,.
"Real Wage Rate","..Corn Workers","..Region XI (Davao Region)",.,.,.,.,.,.,.,.,.,.,.,.,.,.,.,.,.,.,.,.,.,.,.,.,.,.,.,.,.,.,.,.,.,.,.,.,.,.,.,.,.,.,.,.,.,.,.,.,.,.,.,.,.,.,99.85,86.98,99.61,92.22,102.91,99.98,102.82,98.50,100.64,97.51,99.07,98.71,97.22,95.60,93.41,91.61,92.38,89.07,95.75,92.87,130.01,124.42,127.95,119.47,130.80,124.67,133.87,123.60,134.47,128.75,218.10,221.57,218.55,218.35,244.94,242.83
"Real Wage Rate","..Corn Workers","..Central Mindanao",.,.,.,.,.,.,.,.,.,.,.,.,.,.,.,.,.,.,.,.,.,.,.,.,.,.,.,.,.,.,.,.,.,.,.,.,.,.,122.73,104.01,141.29,105.64,125.76,86.05,121.92,99.71,122.33,91.15,136.53,110.17,123.81,99.40,118.77,96.11,.,.,.,.,.,.,.,.,.,.,.,.,.,.,.,.,.,.,.,.,.,.,.,.,.,.,.,.,.,.,.,.,.,.,.,.
"Real Wage Rate","..Corn Workers","..Region XII (SOCCSKSARGEN)",.,.,.,.,.,.,.,.,.,.,.,.,.,.,.,.,.,.,.,.,.,.,.,.,.,.,.,.,.,.,.,.,.,.,.,.,.,.,.,.,.,.,.,.,.,.,.,.,.,.,.,.,.,.,123.99,99.47,114.15,101.38,112.19,99.33,109.47,102.29,106.01,101.23,102.97,99.14,97.79,94.60,96.22,94.58,95.56,93.82,102.59,97.82,131.71,128.19,136.74,138.77,143.93,139.20,145.27,144.38,143.95,140.37,191.05,182.45,198.91,189.05,209.82,194.25
"Real Wage Rate","..Corn Workers","..Region XIII (Caraga)",.,.,.,.,.,.,.,.,.,.,.,.,.,.,.,.,.,.,.,.,.,.,.,.,.,.,.,.,.,.,.,.,.,.,.,.,.,.,112.07,97.35,124.29,111.65,116.64,105.48,108.35,106.50,119.37,104.68,121.93,118.72,128.44,111.05,123.42,107.00,129.00,108.05,123.78,109.43,124.44,113.00,119.45,112.27,113.98,107.96,112.04,106.20,107.57,102.48,104.78,100.35,106.46,103.70,107.22,104.31,145.98,143.17,158.17,148.15,166.70,155.49,170.08,162.15,163.98,151.49,226.04,221.13,255.37,239.86,256.86,256.30
"Real Wage Rate","..Corn Workers","..Autonomous Region in Muslim Mindanao (ARMM)",.,.,.,.,.,.,.,.,.,.,.,.,.,.,.,.,.,.,.,.,.,.,.,.,.,.,.,.,.,.,.,.,.,.,.,.,.,.,116.63,117.20,138.09,133.63,139.66,112.98,146.14,131.01,140.99,133.84,157.75,149.02,138.10,112.07,129.50,105.86,121.67,98.36,120.71,107.24,128.53,119.05,123.06,116.63,114.40,109.43,109.30,105.76,103.22,101.06,104.12,105.48,99.63,101.53,104.49,103.22,147.56,145.40,153.43,146.91,158.12,147.10,164.27,152.17,155.11,147.47,199.34,208.13,194.53,187.82,191.86,195.87
"Real Wage Rate","..Coconut Workers","..Cordillera Administrative Region (CAR)",.,.,.,.,.,.,.,.,.,.,.,.,.,.,.,.,.,.,.,.,.,.,.,.,.,.,.,.,.,.,.,.,.,.,.,.,.,.,.,.,.,.,.,.,.,.,.,.,.,.,.,.,.,.,.,.,.,.,.,.,.,.,.,.,.,.,.,.,.,.,.,.,.,.,.,.,.,.,.,.,.,.,.,.,.,.,.,.,.,.
"Real Wage Rate","..Coconut Workers","..Region I (Ilocos Region)",.,.,.,.,.,.,.,.,.,.,.,.,.,.,.,.,.,.,.,.,.,.,.,.,.,.,.,.,.,.,.,.,.,.,.,.,.,.,145.54,131.02,142.97,127.33,146.96,..,148.15,120.49,142.08,..,156.62,..,167.41,100.00,156.63,..,156.41,..,144.16,..,136.80,..,137.43,..,133.11,..,130.01,..,137.72,..,133.37,..,131.72,..,131.24,..,205.46,..,259.25,..,240.94,..,245.93,..,246.95,..,250.63,..,230.59,..,290.66,..
"Real Wage Rate","..Coconut Workers","..Region II (Cagayan Valley)",.,.,.,.,.,.,.,.,.,.,.,.,.,.,.,.,.,.,.,.,.,.,.,.,.,.,.,.,.,.,.,.,.,.,.,.,.,.,.,.,.,.,.,.,.,.,89.69,..,103.26,..,125.86,..,121.63,..,135.09,121.87,133.22,125.05,133.64,117.65,137.86,..,132.37,..,141.16,..,128.36,121.64,122.69,..,121.91,..,120.35,..,177.81,..,202.51,155.36,187.96,150.83,189.40,..,190.25,..,343.77,..,329.19,..,366.09,..
"Real Wage Rate","..Coconut Workers","..Region III (Central Luzon)",.,.,.,.,.,.,.,.,.,.,.,.,.,.,.,.,.,.,.,.,.,.,.,.,.,.,.,.,.,.,.,.,.,.,.,.,.,.,137.20,..,142.92,..,156.81,..,180.29,..,168.10,..,169.25,..,162.00,..,140.43,..,154.44,..,178.57,..,169.90,..,175.79,133.77,167.50,..,176.14,..,174.23,..,167.88,..,162.77,..,159.49,..,228.68,..,229.11,..,223.52,..,237.78,..,240.59,220.39,286.70,..,275.17,..,301.17,280.58
"Real Wage Rate","..Coconut Workers","..Southern Tagalog",.,.,.,.,.,.,.,.,.,.,.,.,.,.,.,.,.,.,.,.,.,.,.,.,.,.,.,.,.,.,.,.,.,.,.,.,.,.,135.13,122.33,131.90,118.51,128.60,119.14,138.02,115.98,137.25,115.50,162.80,130.20,137.12,136.89,154.99,118.90,.,.,.,.,.,.,.,.,.,.,.,.,.,.,.,.,.,.,.,.,.,.,.,.,.,.,.,.,.,.,.,.,.,.,.,.
"Real Wage Rate","..Coconut Workers","..Region IV-A (CALABARZON)",.,.,.,.,.,.,.,.,.,.,.,.,.,.,.,.,.,.,.,.,.,.,.,.,.,.,.,.,.,.,.,.,.,.,.,.,.,.,.,.,.,.,.,.,.,.,.,.,.,.,.,.,.,.,159.10,..,167.72,..,161.89,155.04,156.26,..,148.41,..,168.26,..,160.30,..,162.04,119.24,159.77,..,159.50,144.32,212.99,189.67,230.80,225.23,219.01,..,226.93,..,227.68,..,336.36,..,323.08,..,330.66,328.18
"Real Wage Rate","..Coconut Workers","..MIMAROPA Region",.,.,.,.,.,.,.,.,.,.,.,.,.,.,.,.,.,.,.,.,.,.,.,.,.,.,.,.,.,.,.,.,.,.,.,.,.,.,.,.,.,.,.,.,.,.,.,.,.,.,.,.,.,.,133.03,113.73,133.44,119.54,132.85,127.96,133.67,115.85,128.94,117.49,130.82,127.46,126.99,119.63,130.40,116.71,128.24,125.53,126.34,121.27,166.53,153.95,178.81,164.59,173.84,154.16,174.86,155.83,176.18,158.09,258.39,203.66,263.16,213.59,340.93,337.23
"Real Wage Rate","..Coconut Workers","..Region V (Bicol Region)",.,.,.,.,.,.,.,.,.,.,.,.,.,.,.,.,.,.,.,.,.,.,.,.,.,.,.,.,.,.,.,.,.,.,.,.,.,.,130.70,121.01,133.66,116.13,110.25,93.55,125.00,103.51,127.67,89.09,126.66,84.03,115.34,90.91,123.54,81.55,126.04,91.41,116.65,93.58,111.74,82.00,111.46,..,107.25,..,108.29,..,105.20,..,100.80,..,103.44,102.99,105.78,..,148.79,..,143.96,140.15,141.38,..,152.49,..,181.86,140.30,239.26,250.66,300.32,233.93,292.84,278.48
"Real Wage Rate","..Coconut Workers","..Region VI (Western Visayas)",.,.,.,.,.,.,.,.,.,.,.,.,.,.,.,.,.,.,.,.,.,.,.,.,.,.,.,.,.,.,.,.,.,.,.,.,.,.,108.16,104.83,108.19,103.94,90.16,85.93,116.28,99.88,110.90,70.29,102.23,72.46,102.96,81.43,97.61,82.97,103.64,99.62,110.13,80.62,107.17,78.74,105.35,80.14,104.88,85.56,114.21,102.09,110.49,103.53,106.00,99.38,105.27,103.70,102.91,100.64,143.25,130.51,140.90,129.27,138.98,134.86,148.46,150.52,149.86,..,256.90,248.92,257.09,275.58,270.70,302.80
"Real Wage Rate","..Coconut Workers","..Region VII (Central Visayas)",.,.,.,.,.,.,.,.,.,.,.,.,.,.,.,.,.,.,.,.,.,.,.,.,.,.,.,.,.,.,.,.,.,.,.,.,.,.,114.66,103.62,115.25,102.87,108.72,..,149.71,106.50,134.01,112.44,126.65,90.62,121.29,99.72,116.20,78.93,112.57,92.52,108.18,89.29,104.63,75.92,99.34,77.33,98.75,84.19,108.89,98.95,99.53,92.04,98.67,92.93,97.50,96.06,102.88,97.30,140.46,..,164.92,146.04,158.23,148.25,159.83,159.81,161.35,..,217.32,178.54,230.24,174.26,234.75,234.20
"Real Wage Rate","..Coconut Workers","..Region VIII (Eastern Visayas)",.,.,.,.,.,.,.,.,.,.,.,.,.,.,.,.,.,.,.,.,.,.,.,.,.,.,.,.,.,.,.,.,.,.,.,.,.,.,115.59,..,117.74,95.49,110.10,..,141.90,..,120.65,..,121.66,..,117.98,..,111.80,..,109.56,..,111.28,..,113.37,80.33,111.81,85.27,107.36,88.01,120.15,..,107.25,..,101.88,..,104.95,..,106.75,96.57,148.55,126.41,152.31,144.57,152.80,151.88,154.85,..,156.15,..,215.44,..,212.31,208.13,246.42,245.34
"Real Wage Rate","..Coconut Workers","..Western Mindanao",.,.,.,.,.,.,.,.,.,.,.,.,.,.,.,.,.,.,.,.,.,.,.,.,.,.,.,.,.,.,.,.,.,.,.,.,.,.,124.57,..,121.07,..,121.03,..,138.67,..,129.75,103.13,140.46,..,143.93,..,137.01,97.87,.,.,.,.,.,.,.,.,.,.,.,.,.,.,.,.,.,.,.,.,.,.,.,.,.,.,.,.,.,.,.,.,.,.,.,.
"Real Wage Rate","..Coconut Workers","..Region IX (Zamboanga Peninsula)",.,.,.,.,.,.,.,.,.,.,.,.,.,.,.,.,.,.,.,.,.,.,.,.,.,.,.,.,.,.,.,.,.,.,.,.,.,.,.,.,.,.,.,.,.,.,.,.,.,.,.,.,.,.,123.95,..,124.96,127.93,118.61,112.41,119.67,116.83,116.19,113.50,113.78,113.53,101.23,100.65,98.29,97.74,100.04,100.02,100.31,100.12,136.94,129.40,158.40,140.94,147.08,142.87,148.32,145.81,149.41,145.71,209.85,188.96,212.60,173.05,226.43,211.97
"Real Wage Rate","..Coconut Workers","..Region X (Northern Mindanao)",.,.,.,.,.,.,.,.,.,.,.,.,.,.,.,.,.,.,.,.,.,.,.,.,.,.,.,.,.,.,.,.,.,.,.,.,.,.,130.72,115.49,132.27,111.53,148.91,111.89,132.41,106.48,123.05,..,120.55,..,124.57,..,117.87,94.25,116.29,100.58,116.92,97.34,123.64,101.65,124.82,107.85,118.53,108.79,120.61,113.17,118.17,102.26,117.18,98.06,114.42,108.10,114.22,105.18,152.03,138.83,165.10,135.51,157.17,140.98,159.95,154.84,160.23,155.22,230.42,197.25,240.66,210.31,234.96,233.57
"Real Wage Rate","..Coconut Workers","..Southern Mindanao",.,.,.,.,.,.,.,.,.,.,.,.,.,.,.,.,.,.,.,.,.,.,.,.,.,.,.,.,.,.,.,.,.,.,.,.,.,.,112.30,..,114.62,101.03,124.95,97.19,139.00,96.24,116.90,93.17,130.73,85.60,130.82,95.05,123.87,91.26,.,.,.,.,.,.,.,.,.,.,.,.,.,.,.,.,.,.,.,.,.,.,.,.,.,.,.,.,.,.,.,.,.,.,.,.
"Real Wage Rate","..Coconut Workers","..Region XI (Davao Region)",.,.,.,.,.,.,.,.,.,.,.,.,.,.,.,.,.,.,.,.,.,.,.,.,.,.,.,.,.,.,.,.,.,.,.,.,.,.,.,.,.,.,.,.,.,.,.,.,.,.,.,.,.,.,128.34,99.24,117.54,106.46,111.06,104.96,107.12,99.26,107.68,100.69,106.69,101.22,100.25,93.98,96.90,90.19,93.65,92.97,98.69,98.16,143.04,130.20,179.07,158.72,163.29,149.02,171.63,153.91,172.45,161.47,235.57,236.38,253.33,315.89,277.94,347.57
"Real Wage Rate","..Coconut Workers","..Central Mindanao",.,.,.,.,.,.,.,.,.,.,.,.,.,.,.,.,.,.,.,.,.,.,.,.,.,.,.,.,.,.,.,.,.,.,.,.,.,.,115.60,115.72,120.81,110.67,110.50,116.34,144.54,111.15,133.68,94.14,132.08,89.92,109.35,96.78,108.04,90.95,.,.,.,.,.,.,.,.,.,.,.,.,.,.,.,.,.,.,.,.,.,.,.,.,.,.,.,.,.,.,.,.,.,.,.,.
"Real Wage Rate","..Coconut Workers","..Region XII (SOCCSKSARGEN)",.,.,.,.,.,.,.,.,.,.,.,.,.,.,.,.,.,.,.,.,.,.,.,.,.,.,.,.,.,.,.,.,.,.,.,.,.,.,.,.,.,.,.,.,.,.,.,.,.,.,.,.,.,.,156.52,112.46,132.61,116.07,132.77,117.73,132.28,118.93,127.09,120.40,126.94,126.06,118.51,116.00,114.09,111.82,112.54,109.37,113.81,108.60,148.42,138.91,143.95,141.64,133.87,140.37,137.92,150.05,138.60,150.07,227.02,224.07,217.55,211.80,226.48,231.41
"Real Wage Rate","..Coconut Workers","..Region XIII (Caraga)",.,.,.,.,.,.,.,.,.,.,.,.,.,.,.,.,.,.,.,.,.,.,.,.,.,.,.,.,.,.,.,.,.,.,.,.,.,.,118.05,..,116.28,..,136.19,..,137.80,..,135.64,..,147.70,..,150.34,..,148.57,..,151.38,..,151.89,..,144.27,141.27,138.37,..,132.89,..,146.26,..,131.17,..,125.93,..,121.53,..,124.17,..,170.54,146.43,174.19,171.49,171.35,165.74,183.19,172.20,189.43,173.96,321.87,202.63,318.97,229.98,313.32,309.29
"Real Wage Rate","..Coconut Workers","..Autonomous Region in Muslim Mindanao (ARMM)",.,.,.,.,.,.,.,.,.,.,.,.,.,.,.,.,.,.,.,.,.,.,.,.,.,.,.,.,.,.,.,.,.,.,.,.,.,.,.,.,.,.,.,.,129.73,..,120.11,124.17,121.10,103.48,127.12,101.41,120.80,95.28,140.10,98.10,136.04,119.22,131.33,110.29,122.52,109.64,114.81,109.64,110.57,109.60,102.68,..,97.45,88.74,93.27,93.18,90.50,89.54,133.03,126.04,138.01,..,125.68,..,135.84,..,139.67,124.22,211.92,172.86,276.64,231.73,274.59,..
"Real Wage Rate","..Sugarcane Workers","..Cordillera Administrative Region (CAR)",.,.,.,.,.,.,.,.,.,.,.,.,.,.,.,.,.,.,.,.,.,.,.,.,.,.,.,.,.,.,.,.,.,.,.,.,.,.,.,.,.,.,.,.,.,.,.,.,.,.,.,.,.,.,.,.,.,.,.,.,.,.,.,.,.,.,.,.,.,.,.,.,.,.,.,.,.,.,.,.,.,.,.,.,.,.,.,.,.,.
"Real Wage Rate","..Sugarcane Workers","..Region I (Ilocos Region)",.,.,.,.,.,.,.,.,.,.,.,.,.,.,.,.,.,.,.,.,.,.,.,.,.,.,.,.,.,.,.,.,.,.,.,.,.,.,110.46,..,128.12,133.33,129.02,141.56,150.81,..,138.92,..,134.00,..,197.73,..,137.88,..,138.70,..,148.56,..,137.96,..,146.21,..,138.99,..,158.71,..,161.78,..,159.49,..,156.07,..,152.97,..,210.72,..,244.98,..,230.43,188.98,243.54,..,244.07,245.06,372.80,..,289.79,301.72,296.85,..
"Real Wage Rate","..Sugarcane Workers","..Region II (Cagayan Valley)",.,.,.,.,.,.,.,.,.,.,.,.,.,.,.,.,.,.,.,.,.,.,.,.,.,.,.,.,.,.,.,.,.,.,.,.,.,.,.,.,.,.,.,.,139.87,101.68,133.93,111.41,149.42,128.89,140.08,128.12,126.79,119.01,126.31,125.04,151.98,131.27,166.54,133.08,160.11,128.88,151.42,142.76,148.23,144.83,137.36,136.82,132.08,130.61,128.86,127.92,125.84,124.91,179.22,166.96,182.61,180.20,168.02,165.01,177.38,173.55,178.66,175.84,223.58,229.10,233.45,227.49,266.05,254.80
"Real Wage Rate","..Sugarcane Workers","..Region III (Central Luzon)",.,.,.,.,.,.,.,.,.,.,.,.,.,.,.,.,.,.,.,.,.,.,.,.,.,.,.,.,.,.,.,.,.,.,.,.,.,.,133.23,100.21,143.08,111.75,140.57,112.01,145.30,140.60,136.85,138.69,135.18,167.34,161.85,137.20,153.09,116.26,152.30,120.44,161.81,141.20,177.64,147.07,175.27,147.30,166.22,147.52,163.60,145.47,148.50,138.51,160.47,158.07,155.58,153.85,152.09,150.22,220.11,200.76,224.14,196.95,216.75,189.25,226.91,196.13,228.21,223.02,246.41,314.05,275.63,261.74,278.91,271.53
"Real Wage Rate","..Sugarcane Workers","..Southern Tagalog",.,.,.,.,.,.,.,.,.,.,.,.,.,.,.,.,.,.,.,.,.,.,.,.,.,.,.,.,.,.,.,.,.,.,.,.,.,.,134.43,130.99,147.93,137.58,148.91,154.99,155.65,177.24,169.37,..,199.71,..,206.42,212.72,156.12,130.27,.,.,.,.,.,.,.,.,.,.,.,.,.,.,.,.,.,.,.,.,.,.,.,.,.,.,.,.,.,.,.,.,.,.,.,.
"Real Wage Rate","..Sugarcane Workers","..Region IV-A (CALABARZON)",.,.,.,.,.,.,.,.,.,.,.,.,.,.,.,.,.,.,.,.,.,.,.,.,.,.,.,.,.,.,.,.,.,.,.,.,.,.,.,.,.,.,.,.,.,.,.,.,.,.,.,.,.,.,157.45,132.89,154.32,143.96,161.58,143.01,170.81,153.27,162.32,156.00,158.46,152.41,146.95,141.92,143.80,141.45,138.85,..,136.02,..,176.81,182.90,217.59,196.13,207.81,192.93,216.96,202.00,217.78,212.92,280.07,300.29,224.74,223.68,288.31,277.42
"Real Wage Rate","..Sugarcane Workers","..MIMAROPA Region",.,.,.,.,.,.,.,.,.,.,.,.,.,.,.,.,.,.,.,.,.,.,.,.,.,.,.,.,.,.,.,.,.,.,.,.,.,.,.,.,.,.,.,.,.,.,.,.,.,.,.,.,.,.,.,.,.,.,.,.,.,.,.,.,.,.,.,.,.,.,.,.,.,.,.,.,.,.,.,.,.,.,.,.,.,.,.,.,.,.
"Real Wage Rate","..Sugarcane Workers","..Region V (Bicol Region)",.,.,.,.,.,.,.,.,.,.,.,.,.,.,.,.,.,.,.,.,.,.,.,.,.,.,.,.,.,.,.,.,.,.,.,.,.,.,122.02,102.94,127.02,112.48,124.84,106.40,129.29,149.33,124.03,146.55,146.19,141.93,128.74,..,124.01,..,126.60,119.61,122.75,109.02,120.47,115.20,123.85,110.80,119.08,110.54,119.54,112.64,109.42,..,104.84,..,107.22,86.55,107.45,..,138.16,..,154.20,..,151.95,..,160.98,143.31,162.87,161.64,218.65,209.61,220.92,210.20,243.90,220.68
"Real Wage Rate","..Sugarcane Workers","..Region VI (Western Visayas)",.,.,.,.,.,.,.,.,.,.,.,.,.,.,.,.,.,.,.,.,.,.,.,.,.,.,.,.,.,.,.,.,.,.,.,.,.,.,113.03,96.95,120.89,99.13,123.01,98.46,121.74,102.62,143.26,109.11,166.95,124.69,156.53,127.04,153.46,126.53,154.85,106.93,140.97,115.01,128.34,117.60,140.51,115.46,135.30,129.66,137.30,113.66,126.05,113.36,119.60,111.70,116.53,108.69,115.88,102.10,162.49,140.86,168.93,140.88,155.41,131.57,169.00,143.03,170.90,164.95,206.13,182.37,235.23,209.13,247.51,260.91
"Real Wage Rate","..Sugarcane Workers","..Region VII (Central Visayas)",.,.,.,.,.,.,.,.,.,.,.,.,.,.,.,.,.,.,.,.,.,.,.,.,.,.,.,.,.,.,.,.,.,.,.,.,.,.,115.80,101.46,117.72,100.52,115.97,96.69,118.62,97.73,116.61,109.89,136.60,134.81,135.03,119.85,128.42,112.42,125.47,109.30,120.74,97.21,109.05,101.98,120.95,94.70,114.78,102.85,113.72,92.89,104.44,84.55,102.28,83.17,102.63,80.72,112.62,95.16,167.97,137.03,164.83,134.25,159.47,135.93,164.57,139.77,164.71,141.60,211.78,210.72,218.53,211.43,228.28,212.76
"Real Wage Rate","..Sugarcane Workers","..Region VIII (Eastern Visayas)",.,.,.,.,.,.,.,.,.,.,.,.,.,.,.,.,.,.,.,.,.,.,.,.,.,.,.,.,.,.,.,.,.,.,.,.,.,.,114.76,106.81,127.09,121.56,129.09,126.16,130.95,125.45,125.70,..,143.29,111.73,157.77,142.71,152.99,126.55,143.60,123.91,136.08,129.44,136.00,129.60,138.28,123.16,130.86,126.24,127.08,123.49,112.09,108.97,107.33,105.68,105.62,102.77,108.54,106.52,144.48,137.12,163.94,136.11,156.16,140.30,164.33,147.36,164.37,154.42,220.99,..,207.29,218.00,235.84,222.06
"Real Wage Rate","..Sugarcane Workers","..Western Mindanao",.,.,.,.,.,.,.,.,.,.,.,.,.,.,.,.,.,.,.,.,.,.,.,.,.,.,.,.,.,.,.,.,.,.,.,.,.,.,.,.,.,.,.,.,.,.,.,.,.,.,.,.,.,.,.,.,.,.,.,.,.,.,.,.,.,.,.,.,.,.,.,.,.,.,.,.,.,.,.,.,.,.,.,.,.,.,.,.,.,.
"Real Wage Rate","..Sugarcane Workers","..Region IX (Zamboanga Peninsula)",.,.,.,.,.,.,.,.,.,.,.,.,.,.,.,.,.,.,.,.,.,.,.,.,.,.,.,.,.,.,.,.,.,.,.,.,.,.,.,.,.,.,.,.,.,.,.,.,.,.,.,.,.,.,.,.,.,.,.,.,.,.,.,.,.,.,.,.,.,.,.,.,.,.,.,.,.,.,.,.,.,.,.,.,.,.,.,.,.,.
"Real Wage Rate","..Sugarcane Workers","..Region X (Northern Mindanao)",.,.,.,.,.,.,.,.,.,.,.,.,.,.,.,.,.,.,.,.,.,.,.,.,.,.,.,.,.,.,.,.,.,.,.,.,.,.,.,.,.,.,.,.,120.01,75.21,126.40,81.91,131.29,99.37,143.80,100.00,135.58,98.96,123.30,97.81,121.01,112.64,124.65,111.10,125.83,102.52,119.20,105.46,115.62,101.60,106.79,93.88,100.95,91.21,98.28,85.02,100.37,91.48,137.77,118.13,133.15,122.89,147.87,117.51,152.44,122.69,154.42,136.17,202.00,215.69,242.28,167.12,235.21,228.74
"Real Wage Rate","..Sugarcane Workers","..Southern Mindanao",.,.,.,.,.,.,.,.,.,.,.,.,.,.,.,.,.,.,.,.,.,.,.,.,.,.,.,.,.,.,.,.,.,.,.,.,.,.,112.91,88.88,120.38,106.54,126.51,106.77,121.68,103.96,123.74,109.86,121.08,135.39,137.90,130.94,153.15,128.63,.,.,.,.,.,.,.,.,.,.,.,.,.,.,.,.,.,.,.,.,.,.,.,.,.,.,.,.,.,.,.,.,.,.,.,.
"Real Wage Rate","..Sugarcane Workers","..Region XI (Davao Region)",.,.,.,.,.,.,.,.,.,.,.,.,.,.,.,.,.,.,.,.,.,.,.,.,.,.,.,.,.,.,.,.,.,.,.,.,.,.,.,.,.,.,.,.,.,.,.,.,.,.,.,.,.,.,146.84,143.80,143.14,141.05,140.58,134.21,151.93,128.14,144.04,127.33,144.50,122.69,133.33,115.53,125.20,111.32,120.67,97.37,120.11,111.20,159.43,144.38,171.04,147.14,169.91,161.45,176.97,168.15,179.34,168.76,289.39,197.17,307.85,..,317.26,169.97
"Real Wage Rate","..Sugarcane Workers","..Central Mindanao",.,.,.,.,.,.,.,.,.,.,.,.,.,.,.,.,.,.,.,.,.,.,.,.,.,.,.,.,.,.,.,.,.,.,.,.,.,.,107.51,97.36,112.12,99.10,112.29,100.26,118.85,97.82,126.85,97.23,146.18,119.59,135.25,115.75,156.12,116.40,.,.,.,.,.,.,.,.,.,.,.,.,.,.,.,.,.,.,.,.,.,.,.,.,.,.,.,.,.,.,.,.,.,.,.,.
"Real Wage Rate","..Sugarcane Workers","..Region XII (SOCCSKSARGEN)",.,.,.,.,.,.,.,.,.,.,.,.,.,.,.,.,.,.,.,.,.,.,.,.,.,.,.,.,.,.,.,.,.,.,.,.,.,.,.,.,.,.,.,.,.,.,.,.,.,.,.,.,.,.,152.72,113.19,146.47,130.37,148.08,119.82,138.29,117.31,132.82,119.43,131.50,105.65,119.16,96.52,117.90,97.47,114.45,89.05,111.30,90.75,146.37,131.20,153.09,138.82,153.58,135.48,162.69,143.54,163.39,146.24,218.93,210.15,230.26,223.83,225.34,218.53
"Real Wage Rate","..Sugarcane Workers","..Region XIII (Caraga)",.,.,.,.,.,.,.,.,.,.,.,.,.,.,.,.,.,.,.,.,.,.,.,.,.,.,.,.,.,.,.,.,.,.,.,.,.,.,.,.,.,.,.,.,.,.,.,.,.,.,.,.,.,.,.,.,.,.,.,.,.,.,.,.,.,.,.,.,.,.,.,.,.,.,.,.,.,.,.,.,.,.,.,.,.,.,.,.,.,.
"Real Wage Rate","..Sugarcane Workers","..Autonomous Region in Muslim Mindanao (ARMM)",.,.,.,.,.,.,.,.,.,.,.,.,.,.,.,.,.,.,.,.,.,.,.,.,.,.,.,.,.,.,.,.,.,.,.,.,.,.,.,.,.,.,.,.,.,.,.,.,.,.,.,.,.,.,.,.,.,.,.,.,.,.,.,.,.,.,.,.,.,.,.,.,.,.,.,.,.,.,.,.,.,.,.,.,.,.,.,.,.,.
